,Pokedex Number,Pokemon,Type 1,Type 2,Total,HP,Attack,Defense,Sp. Atk,Sp. Def,Speed,Generation,Group
0,1,Bulbasaur,Grass,Poison,318,45,49,49,65,65,45,1,['Standard']
1173,2,Ivysaur,Grass,Poison,405,60,62,63,80,80,60,1,['Standard']
1171,3,Venusaur,Grass,Poison,525,80,82,83,100,100,80,1,['Standard']
1172,3,Mega Venusaur,Grass,Poison,625,80,100,123,122,120,80,1,['Mega']
1170,4,Charmander,Fire,,309,39,52,43,60,50,65,1,['Standard']
1169,5,Charmeleon,Fire,,405,58,64,58,80,65,80,1,['Standard']
1166,6,Charizard,Fire,Flying,534,78,84,78,109,85,100,1,['Standard']
1167,6,Mega Charizard X,Fire,Dragon,634,78,130,111,130,85,100,1,['Mega']
1168,6,Mega Charizard Y,Fire,Flying,634,78,104,78,159,115,100,1,['Standard']
1165,7,Squirtle,Water,,314,44,48,65,50,64,43,1,['Standard']
1164,8,Wartortle,Water,,405,59,63,80,65,80,58,1,['Standard']
1162,9,Blastoise,Water,,530,79,83,100,85,105,78,1,['Standard']
1163,9,Mega Blastoise,Water,,630,79,103,120,135,115,78,1,['Mega']
1161,10,Caterpie,Bug,,195,45,30,35,20,20,45,1,['Standard']
1160,11,Metapod,Bug,,205,50,20,55,25,25,30,1,['Standard']
1159,12,Butterfree,Bug,Flying,395,60,45,50,90,80,70,1,['Standard']
1158,13,Weedle,Bug,Poison,195,40,35,30,20,20,50,1,['Standard']
1157,14,Kakuna,Bug,Poison,205,45,25,50,25,25,35,1,['Standard']
1155,15,Beedrill,Bug,Poison,395,65,90,40,45,80,75,1,['Standard']
1156,15,Mega Beedrill,Bug,Poison,495,65,150,40,15,80,145,1,['Mega']
1154,16,Pidgey,Normal,Flying,251,40,45,40,35,35,56,1,['Standard']
1153,17,Pidgeotto,Normal,Flying,349,63,60,55,50,50,71,1,['Standard']
1151,18,Pidgeot,Normal,Flying,479,83,80,75,70,70,101,1,['Standard']
1152,18,Mega Pidgeot,Normal,Flying,579,83,80,80,135,80,121,1,['Mega']
1149,19,Rattata,Normal,,253,30,56,35,25,35,72,1,['Standard']
1150,19,Alolan Rattata,Dark,Normal,253,30,56,35,25,35,72,1,['Regional Form']
1147,20,Raticate,Normal,,413,55,81,60,50,70,97,1,['Standard']
1148,20,Alolan Raticate,Dark,Normal,413,75,71,70,40,80,77,1,['Regional Form']
1146,21,Spearow,Normal,Flying,262,40,60,30,31,31,70,1,['Standard']
1145,22,Fearow,Normal,Flying,442,65,90,65,61,61,100,1,['Standard']
1144,23,Ekans,Poison,,288,35,60,44,40,54,55,1,['Standard']
1143,24,Arbok,Poison,,448,60,95,69,65,79,80,1,['Standard']
1140,25,Pikachu,Electric,,320,35,55,40,50,50,90,1,['Standard']
1137,26,Raichu,Electric,,485,60,90,55,90,80,110,1,['Standard']
1138,26,Alolan Raichu,Electric,Psychic,485,60,85,50,95,85,110,1,['Regional Form']
1135,27,Sandshrew,Ground,,300,50,75,85,20,30,40,1,['Standard']
1136,27,Alolan Sandshrew,Ice,Steel,300,50,75,90,10,35,40,1,['Regional Form']
1133,28,Sandslash,Ground,,450,75,100,110,45,55,65,1,['Standard']
1134,28,Alolan Sandslash,Ice,Steel,450,75,100,120,25,65,65,1,['Regional Form']
1132,29,Nidoran♀,Poison,,275,55,47,52,40,40,41,1,['Standard']
1131,30,Nidorina,Poison,,365,70,62,67,55,55,56,1,['Standard']
1130,31,Nidoqueen,Poison,Ground,505,90,92,87,75,85,76,1,['Standard']
1129,32,Nidoran♂,Poison,,273,46,57,40,40,40,50,1,['Standard']
1128,33,Nidorino,Poison,,365,61,72,57,55,55,65,1,['Standard']
1127,34,Nidoking,Poison,Ground,505,81,102,77,85,75,85,1,['Standard']
1126,35,Clefairy,Fairy,,323,70,45,48,60,65,35,1,['Standard']
1125,36,Clefable,Fairy,,483,95,70,73,95,90,60,1,['Standard']
1123,37,Vulpix,Fire,,299,38,41,40,50,65,65,1,['Standard']
1124,37,Alolan Vulpix,Ice,,299,38,41,40,50,65,65,1,['Regional Form']
1121,38,Ninetales,Fire,,505,73,76,75,81,100,100,1,['Standard']
1122,38,Alolan Ninetales,Ice,Fairy,505,73,67,75,81,100,109,1,['Regional Form']
1120,39,Jigglypuff,Normal,Fairy,270,115,45,20,45,25,20,1,['Standard']
1119,40,Wigglytuff,Normal,Fairy,435,140,70,45,85,50,45,1,['Standard']
1118,41,Zubat,Poison,Flying,245,40,45,35,30,40,55,1,['Standard']
1117,42,Golbat,Poison,Flying,455,75,80,70,65,75,90,1,['Standard']
1116,43,Oddish,Grass,Poison,320,45,50,55,75,65,30,1,['Standard']
1115,44,Gloom,Grass,Poison,395,60,65,70,85,75,40,1,['Standard']
1114,45,Vileplume,Grass,Poison,490,75,80,85,110,90,50,1,['Standard']
1113,46,Paras,Bug,Grass,285,35,70,55,45,55,25,1,['Standard']
1112,47,Parasect,Bug,Grass,405,60,95,80,60,80,30,1,['Standard']
1111,48,Venonat,Bug,Poison,305,60,55,50,40,55,45,1,['Standard']
1110,49,Venomoth,Bug,Poison,450,70,65,60,90,75,90,1,['Standard']
1108,50,Diglett,Ground,,265,10,55,25,35,45,95,1,['Standard']
1109,50,Alolan Diglett,Ground,Steel,265,10,55,30,35,45,90,1,['Regional Form']
1106,51,Dugtrio,Ground,,425,35,100,50,50,70,120,1,['Standard']
1107,51,Alolan Dugtrio,Ground,Steel,425,35,100,60,50,70,110,1,['Regional Form']
1103,52,Meowth,Normal,,290,40,45,35,40,40,90,1,['Standard']
1104,52,Galarian Meowth,Steel,,290,40,35,35,50,40,90,1,['Regional Form']
1105,52,Alolan Meowth,Dark,,290,50,65,55,40,40,40,1,['Regional Form']
1101,53,Persian,Normal,,440,65,70,60,65,65,115,1,['Standard']
1102,53,Alolan Persian,Dark,,440,65,60,60,75,65,115,1,['Regional Form']
1100,54,Psyduck,Water,,320,50,52,48,65,50,55,1,['Standard']
1099,55,Golduck,Water,,500,80,82,78,95,80,85,1,['Standard']
1098,56,Mankey,Fighting,,305,40,80,35,35,45,70,1,['Standard']
1097,57,Primeape,Fighting,,455,65,105,60,60,70,95,1,['Standard']
1095,58,Growlithe,Fire,,350,55,70,45,70,50,60,1,['Standard']
1096,58,Hisuian Growlithe,Fire,Rock,350,60,75,45,65,50,55,1,['Regional Form']
1093,59,Arcanine,Fire,,555,90,110,80,100,80,95,1,['Standard']
1094,59,Hisuian Arcanine,Fire,Rock,555,95,115,80,95,80,90,1,['Regional Form']
1092,60,Poliwag,Water,,300,40,50,40,40,40,90,1,['Standard']
1091,61,Poliwhirl,Water,,385,65,65,65,50,50,90,1,['Standard']
1090,62,Poliwrath,Water,Fighting,510,90,95,95,70,90,70,1,['Standard']
1089,63,Abra,Psychic,,310,25,20,15,105,55,90,1,['Standard']
1088,64,Kadabra,Psychic,,400,40,35,30,120,70,105,1,['Standard']
1086,65,Alakazam,Psychic,,500,55,50,45,135,95,120,1,['Standard']
1087,65,Mega Alakazam,Psychic,,600,55,50,65,175,105,150,1,['Mega']
1085,66,Machop,Fighting,,305,70,80,50,35,35,35,1,['Standard']
1084,67,Machoke,Fighting,,405,80,100,70,50,60,45,1,['Standard']
1083,68,Machamp,Fighting,,505,90,130,80,65,85,55,1,['Standard']
1082,69,Bellsprout,Grass,Poison,300,50,75,35,70,30,40,1,['Standard']
1081,70,Weepinbell,Grass,Poison,390,65,90,50,85,45,55,1,['Standard']
1080,71,Victreebel,Grass,Poison,490,80,105,65,100,70,70,1,['Standard']
1079,72,Tentacool,Water,Poison,335,40,40,35,50,100,70,1,['Standard']
1078,73,Tentacruel,Water,Poison,515,80,70,65,80,120,100,1,['Standard']
1076,74,Geodude,Rock,Ground,300,40,80,100,30,30,20,1,['Standard']
1077,74,Alolan Geodude,Rock,Electric,300,40,80,100,30,30,20,1,['Regional Form']
1074,75,Graveler,Rock,Ground,390,55,95,115,45,45,35,1,['Standard']
1075,75,Alolan Graveler,Rock,Electric,390,55,95,115,45,45,35,1,['Regional Form']
1072,76,Golem,Rock,Ground,485,80,110,130,55,65,45,1,['Standard']
1073,76,Alolan Golem,Rock,Electric,495,80,120,130,55,65,45,1,['Regional Form']
1070,77,Ponyta,Fire,,410,50,85,55,65,65,90,1,['Standard']
1071,77,Galarian Ponyta,Psychic,,410,50,85,55,65,65,90,1,['Regional Form']
1068,78,Rapidash,Fire,,500,65,100,70,80,80,105,1,['Standard']
1069,78,Galarian Rapidash,Psychic,Fairy,500,65,100,70,80,80,105,1,['Regional Form']
1066,79,Slowpoke,Water,Psychic,315,90,65,65,40,40,15,1,['Standard']
1067,79,Galarian Slowpoke,Psychic,,315,90,65,65,40,40,15,1,['Regional Form']
1063,80,Slowbro,Water,Psychic,490,95,75,110,100,80,30,1,['Standard']
1065,80,Mega Slowbro,Water,Psychic,490,95,100,95,100,70,30,1,['Mega']
1064,80,Galarian Slowbro,Poison,Psychic,590,95,75,180,130,80,30,1,['Regional Form']
1062,81,Magnemite,Electric,Steel,325,25,35,70,95,55,45,1,['Standard']
1061,82,Magneton,Electric,Steel,465,50,60,95,120,70,70,1,['Standard']
1059,83,Farfetch'd,Normal,Flying,377,52,90,55,58,62,60,1,['Standard']
1060,83,Galarian Farfetch'd,Fighting,,377,52,95,55,58,62,55,1,['Regional Form']
1058,84,Doduo,Normal,Flying,310,35,85,45,35,35,75,1,['Standard']
1057,85,Dodrio,Normal,Flying,470,60,110,70,60,60,110,1,['Standard']
1056,86,Seel,Water,,325,65,45,55,45,70,45,1,['Standard']
1055,87,Dewgong,Water,Ice,475,90,70,80,70,95,70,1,['Standard']
1053,88,Grimer,Poison,,325,80,80,50,40,50,25,1,['Standard']
1054,88,Alolan Grimer,Poison,Dark,325,80,80,50,40,50,25,1,['Regional Form']
1051,89,Muk,Poison,,500,105,105,75,65,100,50,1,['Standard']
1052,89,Alolan Muk,Poison,Dark,500,105,105,75,65,100,50,1,['Regional Form']
1050,90,Shellder,Water,,305,30,65,100,45,25,40,1,['Standard']
1049,91,Cloyster,Water,Ice,525,50,95,180,85,45,70,1,['Standard']
1048,92,Gastly,Ghost,Poison,310,30,35,30,100,35,80,1,['Standard']
1047,93,Haunter,Ghost,Poison,405,45,50,45,115,55,95,1,['Standard']
1045,94,Gengar,Ghost,Poison,500,60,65,60,130,75,110,1,['Standard']
1046,94,Mega Gengar,Ghost,Poison,600,60,65,80,170,95,130,1,['Mega']
1044,95,Onix,Rock,Ground,385,35,45,160,30,45,70,1,['Standard']
1043,96,Drowzee,Psychic,,328,60,48,45,43,90,42,1,['Standard']
1042,97,Hypno,Psychic,,483,85,73,70,73,115,67,1,['Standard']
1041,98,Krabby,Water,,325,30,105,90,25,25,50,1,['Standard']
1040,99,Kingler,Water,,475,55,130,115,50,50,75,1,['Standard']
1038,100,Voltorb,Electric,,330,40,30,50,55,55,100,1,['Standard']
1039,100,Hisuian Voltorb,Electric,Grass,330,40,30,50,55,55,100,1,['Regional Form']
1036,101,Electrode,Electric,,480,60,50,70,80,80,140,1,['Standard']
1037,101,Hisuian Electrode,Electric,Grass,490,60,50,70,80,80,150,1,['Regional Form']
1035,102,Exeggcute,Grass,Psychic,325,60,40,80,60,45,40,1,['Standard']
1033,103,Exeggutor,Grass,Psychic,530,95,95,85,125,75,55,1,['Standard']
1034,103,Alolan Exeggutor,Grass,Dragon,530,95,105,85,125,75,45,1,['Regional Form']
1032,104,Cubone,Ground,,320,50,50,95,40,50,35,1,['Standard']
1030,105,Marowak,Ground,,425,60,80,110,50,80,45,1,['Standard']
1031,105,Alolan Marowak,Fire,Ghost,425,60,80,110,50,80,45,1,['Regional Form']
1029,106,Hitmonlee,Fighting,,455,50,120,53,35,110,87,1,['Standard']
1028,107,Hitmonchan,Fighting,,455,50,105,79,35,110,76,1,['Standard']
1027,108,Lickitung,Normal,,385,90,55,75,60,75,30,1,['Standard']
1026,109,Koffing,Poison,,340,40,65,95,60,45,35,1,['Standard']
1024,110,Weezing,Poison,,490,65,90,120,85,70,60,1,['Standard']
1025,110,Galarian Weezing,Poison,Fairy,490,65,90,120,85,70,60,1,['Regional Form']
1023,111,Rhyhorn,Ground,Rock,345,80,85,95,30,30,25,1,['Standard']
1022,112,Rhydon,Ground,Rock,485,105,130,120,45,45,40,1,['Standard']
1021,113,Chansey,Normal,,450,250,5,5,35,105,50,1,['Standard']
1020,114,Tangela,Grass,,435,65,55,115,100,40,60,1,['Standard']
1018,115,Kangaskhan,Normal,,490,105,95,80,40,80,90,1,['Standard']
1019,115,Mega Kangaskhan,Normal,,590,105,125,100,60,100,100,1,['Mega']
1017,116,Horsea,Water,,295,30,40,70,70,25,60,1,['Standard']
1016,117,Seadra,Water,,440,55,65,95,95,45,85,1,['Standard']
1015,118,Goldeen,Water,,320,45,67,60,35,50,63,1,['Standard']
1014,119,Seaking,Water,,450,80,92,65,65,80,68,1,['Standard']
1013,120,Staryu,Water,,340,30,45,55,70,55,85,1,['Standard']
1012,121,Starmie,Water,Psychic,520,60,75,85,100,85,115,1,['Standard']
1010,122,Mr. Mime,Psychic,Fairy,460,40,45,65,100,120,90,1,['Standard']
1011,122,Galarian Mr. Mime,Ice,Psychic,460,50,65,65,90,90,100,1,['Regional Form']
1009,123,Scyther,Bug,Flying,500,70,110,80,55,80,105,1,['Standard']
1008,124,Jynx,Ice,Psychic,455,65,50,35,115,95,95,1,['Standard']
1007,125,Electabuzz,Electric,,490,65,83,57,95,85,105,1,['Standard']
1006,126,Magmar,Fire,,495,65,95,57,100,85,93,1,['Standard']
1004,127,Pinsir,Bug,,500,65,125,100,55,70,85,1,['Standard']
1005,127,Mega Pinsir,Bug,Flying,600,65,155,120,65,90,105,1,['Mega']
1000,128,Tauros,Normal,,490,75,100,95,40,70,110,1,['Standard']
1001,128,Paldean Tauros Combat Breed,Fighting,,490,75,110,105,30,70,100,1,['Regional Form']
1002,128,Paldean Tauros Blaze Breed,Fighting,Fire,490,75,110,105,30,70,100,1,['Regional Form']
1003,128,Paldean Tauros Aqua Breed,Fighting,Water,490,75,110,105,30,70,100,1,['Regional Form']
999,129,Magikarp,Water,,200,20,10,55,15,20,80,1,['Standard']
997,130,Gyarados,Water,Flying,540,95,125,79,60,100,81,1,['Standard']
998,130,Mega Gyarados,Water,Dark,640,95,155,109,70,130,81,1,['Mega']
996,131,Lapras,Water,Ice,535,130,85,80,85,95,60,1,['Standard']
995,132,Ditto,Normal,,288,48,48,48,48,48,48,1,['Standard']
994,133,Eevee,Normal,,325,55,55,50,45,65,55,1,['Standard']
993,134,Vaporeon,Water,,525,130,65,60,110,95,65,1,['Standard']
992,135,Jolteon,Electric,,525,65,65,60,110,95,130,1,['Standard']
991,136,Flareon,Fire,,525,65,130,60,95,110,65,1,['Standard']
990,137,Porygon,Normal,,395,65,60,70,85,75,40,1,['Standard']
989,138,Omanyte,Rock,Water,355,35,40,100,90,55,35,1,['Standard']
988,139,Omastar,Rock,Water,495,70,60,125,115,70,55,1,['Standard']
987,140,Kabuto,Rock,Water,355,30,80,90,55,45,55,1,['Standard']
986,141,Kabutops,Rock,Water,495,60,115,105,65,70,80,1,['Standard']
984,142,Aerodactyl,Rock,Flying,515,80,105,65,60,75,130,1,['Standard']
985,142,Mega Aerodactyl,Rock,Flying,615,80,135,85,70,95,150,1,['Mega']
983,143,Snorlax,Normal,,540,160,110,65,65,110,30,1,['Standard']
981,144,Articuno,Ice,Flying,580,90,85,100,95,125,85,1,['Legendary']
982,144,Galarian Articuno,Psychic,Flying,580,90,85,85,125,100,95,1,"['Legendary', 'Regional Form']"
979,145,Zapdos,Electric,Flying,580,90,90,85,125,90,100,1,['Legendary']
980,145,Galarian Zapdos,Fighting,Flying,580,90,125,90,85,90,100,1,"['Legendary', 'Regional Form']"
977,146,Moltres,Fire,Flying,580,90,100,90,125,85,90,1,['Legendary']
978,146,Galarian Moltres,Dark,Flying,580,90,85,90,100,125,90,1,"['Legendary', 'Regional Form']"
976,147,Dratini,Dragon,,300,41,64,45,50,50,50,1,['Standard']
975,148,Dragonair,Dragon,,420,61,84,65,70,70,70,1,['Standard']
974,149,Dragonite,Dragon,Flying,600,91,134,95,100,100,80,1,['Pseudo-legendary']
971,150,Mewtwo,Psychic,,680,106,110,90,154,90,130,1,['Legendary']
972,150,Mega Mewtwo X,Psychic,Fighting,780,106,190,100,154,100,130,1,"['Legendary', 'Mega']"
973,150,Mega Mewtwo Y,Psychic,,780,106,150,70,194,120,140,1,"['Legendary', 'Mega']"
970,151,Mew,Psychic,,600,100,100,100,100,100,100,1,['Mythical']
969,152,Chikorita,Grass,,318,45,49,65,49,65,45,2,['Standard']
968,153,Bayleef,Grass,,405,60,62,80,63,80,60,2,['Standard']
967,154,Meganium,Grass,,525,80,82,100,83,100,80,2,['Standard']
966,155,Cyndaquil,Fire,,309,39,52,43,60,50,65,2,['Standard']
965,156,Quilava,Fire,,405,58,64,58,80,65,80,2,['Standard']
963,157,Typhlosion,Fire,,534,78,84,78,109,85,100,2,['Standard']
964,157,Hisuian Typhlosion,Fire,Ghost,534,73,84,78,119,85,95,2,['Regional Form']
962,158,Totodile,Water,,314,50,65,64,44,48,43,2,['Standard']
961,159,Croconaw,Water,,405,65,80,80,59,63,58,2,['Standard']
960,160,Feraligatr,Water,,530,85,105,100,79,83,78,2,['Standard']
959,161,Sentret,Normal,,215,35,46,34,35,45,20,2,['Standard']
958,162,Furret,Normal,,415,85,76,64,45,55,90,2,['Standard']
957,163,Hoothoot,Normal,Flying,262,60,30,30,36,56,50,2,['Standard']
956,164,Noctowl,Normal,Flying,452,100,50,50,86,96,70,2,['Standard']
955,165,Ledyba,Bug,Flying,265,40,20,30,40,80,55,2,['Standard']
954,166,Ledian,Bug,Flying,390,55,35,50,55,110,85,2,['Standard']
953,167,Spinarak,Bug,Poison,250,40,60,40,40,40,30,2,['Standard']
952,168,Ariados,Bug,Poison,400,70,90,70,60,70,40,2,['Standard']
951,169,Crobat,Poison,Flying,535,85,90,80,70,80,130,2,['Standard']
950,170,Chinchou,Water,Electric,330,75,38,38,56,56,67,2,['Standard']
949,171,Lanturn,Water,Electric,460,125,58,58,76,76,67,2,['Standard']
948,172,Pichu,Electric,,205,20,40,15,35,35,60,2,['Standard']
947,173,Cleffa,Fairy,,218,50,25,28,45,55,15,2,['Standard']
946,174,Igglybuff,Normal,Fairy,210,90,30,15,40,20,15,2,['Standard']
945,175,Togepi,Fairy,,245,35,20,65,40,65,20,2,['Standard']
944,176,Togetic,Fairy,Flying,405,55,40,85,80,105,40,2,['Standard']
943,177,Natu,Psychic,Flying,320,40,50,45,70,45,70,2,['Standard']
942,178,Xatu,Psychic,Flying,470,65,75,70,95,70,95,2,['Standard']
941,179,Mareep,Electric,,280,55,40,40,65,45,35,2,['Standard']
940,180,Flaaffy,Electric,,365,70,55,55,80,60,45,2,['Standard']
938,181,Ampharos,Electric,,510,90,75,85,115,90,55,2,['Standard']
939,181,Mega Ampharos,Electric,Dragon,610,90,95,105,165,110,45,2,['Mega']
937,182,Bellossom,Grass,,490,75,80,95,90,100,50,2,['Standard']
936,183,Marill,Water,Fairy,250,70,20,50,20,50,40,2,['Standard']
935,184,Azumarill,Water,Fairy,420,100,50,80,60,80,50,2,['Standard']
934,185,Sudowoodo,Rock,,410,70,100,115,30,65,30,2,['Standard']
933,186,Politoed,Water,,500,90,75,75,90,100,70,2,['Standard']
932,187,Hoppip,Grass,Flying,250,35,35,40,35,55,50,2,['Standard']
931,188,Skiploom,Grass,Flying,340,55,45,50,45,65,80,2,['Standard']
930,189,Jumpluff,Grass,Flying,460,75,55,70,55,95,110,2,['Standard']
929,190,Aipom,Normal,,360,55,70,55,40,55,85,2,['Standard']
928,191,Sunkern,Grass,,180,30,30,30,30,30,30,2,['Standard']
927,192,Sunflora,Grass,,425,75,75,55,105,85,30,2,['Standard']
926,193,Yanma,Bug,Flying,390,65,65,45,75,45,95,2,['Standard']
924,194,Wooper,Water,Ground,210,55,45,45,25,25,15,2,['Standard']
925,194,Paldean Wooper,Poison,Ground,210,55,45,45,25,25,15,2,['Regional Form']
923,195,Quagsire,Water,Ground,430,95,85,85,65,65,35,2,['Standard']
922,196,Espeon,Psychic,,525,65,65,60,130,95,110,2,['Standard']
921,197,Umbreon,Dark,,525,95,65,110,60,130,65,2,['Standard']
920,198,Murkrow,Dark,Flying,405,60,85,42,85,42,91,2,['Standard']
918,199,Slowking,Water,Psychic,490,95,75,80,100,110,30,2,['Standard']
919,199,Galarian Slowking,Poison,Psychic,490,95,65,80,110,110,30,2,['Regional Form']
917,200,Misdreavus,Ghost,,435,60,60,60,85,85,85,2,['Standard']
916,201,Unown,Psychic,,336,48,72,48,72,48,48,2,['Standard']
915,202,Wobbuffet,Psychic,,405,190,33,58,33,58,33,2,['Standard']
914,203,Girafarig,Normal,Psychic,455,70,80,65,90,65,85,2,['Standard']
913,204,Pineco,Bug,,290,50,65,90,35,35,15,2,['Standard']
912,205,Forretress,Bug,Steel,465,75,90,140,60,60,40,2,['Standard']
911,206,Dunsparce,Normal,,415,100,70,70,65,65,45,2,['Standard']
910,207,Gligar,Ground,Flying,430,65,75,105,35,65,85,2,['Standard']
908,208,Steelix,Steel,Ground,510,75,85,200,55,65,30,2,['Standard']
909,208,Mega Steelix,Steel,Ground,610,75,125,230,55,95,30,2,['Mega']
907,209,Snubbull,Fairy,,300,60,80,50,40,40,30,2,['Standard']
906,210,Granbull,Fairy,,450,90,120,75,60,60,45,2,['Standard']
904,211,Qwilfish,Water,Poison,430,65,95,75,55,55,85,2,['Standard']
905,211,Hisuian Qwilfish,Dark,Poison,440,65,95,85,55,55,85,2,['Regional Form']
902,212,Scizor,Bug,Steel,500,70,130,100,55,80,65,2,['Standard']
903,212,Mega Scizor,Bug,Steel,600,70,150,140,65,100,75,2,['Mega']
901,213,Shuckle,Bug,Rock,505,20,10,230,10,230,5,2,['Standard']
899,214,Heracross,Bug,Fighting,500,80,125,75,40,95,85,2,['Standard']
900,214,Mega Heracross,Bug,Fighting,600,80,185,115,40,105,75,2,['Mega']
897,215,Sneasel,Dark,Ice,430,55,95,55,35,75,115,2,['Standard']
898,215,Hisuian Sneasel,Fighting,Poison,430,55,95,55,35,75,115,2,['Regional Form']
896,216,Teddiursa,Normal,,330,60,80,50,50,50,40,2,['Standard']
895,217,Ursaring,Normal,,500,90,130,75,75,75,55,2,['Standard']
894,218,Slugma,Fire,,250,40,40,40,70,40,20,2,['Standard']
893,219,Magcargo,Fire,Rock,430,60,50,120,90,80,30,2,['Standard']
892,220,Swinub,Ice,Ground,250,50,50,40,30,30,50,2,['Standard']
891,221,Piloswine,Ice,Ground,450,100,100,80,60,60,50,2,['Standard']
889,222,Corsola,Water,Rock,410,65,55,95,65,95,35,2,['Standard']
890,222,Galarian Corsola,Ghost,,410,60,55,100,65,100,30,2,['Regional Form']
888,223,Remoraid,Water,,300,35,65,35,65,35,65,2,['Standard']
887,224,Octillery,Water,,480,75,105,75,105,75,45,2,['Standard']
886,225,Delibird,Ice,Flying,330,45,55,45,65,45,75,2,['Standard']
885,226,Mantine,Water,Flying,485,85,40,70,80,140,70,2,['Standard']
884,227,Skarmory,Steel,Flying,465,65,80,140,40,70,70,2,['Standard']
883,228,Houndour,Dark,Fire,330,45,60,30,80,50,65,2,['Standard']
881,229,Houndoom,Dark,Fire,500,75,90,50,110,80,95,2,['Standard']
882,229,Mega Houndoom,Dark,Fire,600,75,90,90,140,90,115,2,['Mega']
880,230,Kingdra,Water,Dragon,540,75,95,95,95,95,85,2,['Standard']
879,231,Phanpy,Ground,,330,90,60,60,40,40,40,2,['Standard']
878,232,Donphan,Ground,,500,90,120,120,60,60,50,2,['Standard']
877,233,Porygon2,Normal,,515,85,80,90,105,95,60,2,['Standard']
876,234,Stantler,Normal,,465,73,95,62,85,65,85,2,['Standard']
875,235,Smeargle,Normal,,250,55,20,35,20,45,75,2,['Standard']
874,236,Tyrogue,Fighting,,210,35,35,35,35,35,35,2,['Standard']
873,237,Hitmontop,Fighting,,455,50,95,95,35,110,70,2,['Standard']
872,238,Smoochum,Ice,Psychic,305,45,30,15,85,65,65,2,['Standard']
871,239,Elekid,Electric,,360,45,63,37,65,55,95,2,['Standard']
870,240,Magby,Fire,,365,45,75,37,70,55,83,2,['Standard']
869,241,Miltank,Normal,,490,95,80,105,40,70,100,2,['Standard']
868,242,Blissey,Normal,,540,255,10,10,75,135,55,2,['Standard']
867,243,Raikou,Electric,,580,90,85,75,115,100,115,2,['Legendary']
866,244,Entei,Fire,,580,115,115,85,90,75,100,2,['Legendary']
865,245,Suicune,Water,,580,100,75,115,90,115,85,2,['Legendary']
864,246,Larvitar,Rock,Ground,300,50,64,50,45,50,41,2,['Standard']
863,247,Pupitar,Rock,Ground,410,70,84,70,65,70,51,2,['Standard']
861,248,Tyranitar,Rock,Dark,600,100,134,110,95,100,61,2,['Pseudo-legendary']
862,248,Mega Tyranitar,Rock,Dark,700,100,164,150,95,120,71,2,"['Pseudo-legendary', 'Mega']"
860,249,Lugia,Psychic,Flying,680,106,90,130,90,154,110,2,['Legendary']
859,250,Ho-Oh,Fire,Flying,680,106,130,90,110,154,90,2,['Legendary']
858,251,Celebi,Psychic,Grass,600,100,100,100,100,100,100,2,['Mythical']
857,252,Treecko,Grass,,310,40,45,35,65,55,70,3,['Standard']
856,253,Grovyle,Grass,,405,50,65,45,85,65,95,3,['Standard']
854,254,Sceptile,Grass,,530,70,85,65,105,85,120,3,['Standard']
855,254,Mega Sceptile,Grass,Dragon,630,70,110,75,145,85,145,3,['Mega']
853,255,Torchic,Fire,,310,45,60,40,70,50,45,3,['Standard']
852,256,Combusken,Fire,Fighting,405,60,85,60,85,60,55,3,['Standard']
850,257,Blaziken,Fire,Fighting,530,80,120,70,110,70,80,3,['Standard']
851,257,Mega Blaziken,Fire,Fighting,630,80,160,80,130,80,100,3,['Mega']
849,258,Mudkip,Water,,310,50,70,50,50,50,40,3,['Standard']
848,259,Marshtomp,Water,Ground,405,70,85,70,60,70,50,3,['Standard']
846,260,Swampert,Water,Ground,535,100,110,90,85,90,60,3,['Standard']
847,260,Mega Swampert,Water,Ground,635,100,150,110,95,110,70,3,['Mega']
845,261,Poochyena,Dark,,220,35,55,35,30,30,35,3,['Standard']
844,262,Mightyena,Dark,,420,70,90,70,60,60,70,3,['Standard']
842,263,Zigzagoon,Normal,,240,38,30,41,30,41,60,3,['Standard']
843,263,Galarian Zigzagoon,Dark,Normal,240,38,30,41,30,41,60,3,['Regional Form']
840,264,Linoone,Normal,,420,78,70,61,50,61,100,3,['Standard']
841,264,Galarian Linoone,Dark,Normal,420,78,70,61,50,61,100,3,['Regional Form']
839,265,Wurmple,Bug,,195,45,45,35,20,30,20,3,['Standard']
838,266,Silcoon,Bug,,205,50,35,55,25,25,15,3,['Standard']
837,267,Beautifly,Bug,Flying,395,60,70,50,100,50,65,3,['Standard']
836,268,Cascoon,Bug,,205,50,35,55,25,25,15,3,['Standard']
835,269,Dustox,Bug,Poison,385,60,50,70,50,90,65,3,['Standard']
834,270,Lotad,Water,Grass,220,40,30,30,40,50,30,3,['Standard']
833,271,Lombre,Water,Grass,340,60,50,50,60,70,50,3,['Standard']
832,272,Ludicolo,Water,Grass,480,80,70,70,90,100,70,3,['Standard']
831,273,Seedot,Grass,,220,40,40,50,30,30,30,3,['Standard']
830,274,Nuzleaf,Grass,Dark,340,70,70,40,60,40,60,3,['Standard']
829,275,Shiftry,Grass,Dark,480,90,100,60,90,60,80,3,['Standard']
828,276,Taillow,Normal,Flying,270,40,55,30,30,30,85,3,['Standard']
827,277,Swellow,Normal,Flying,455,60,85,60,75,50,125,3,['Standard']
826,278,Wingull,Water,Flying,270,40,30,30,55,30,85,3,['Standard']
825,279,Pelipper,Water,Flying,440,60,50,100,95,70,65,3,['Standard']
824,280,Ralts,Psychic,Fairy,198,28,25,25,45,35,40,3,['Standard']
823,281,Kirlia,Psychic,Fairy,278,38,35,35,65,55,50,3,['Standard']
821,282,Gardevoir,Psychic,Fairy,518,68,65,65,125,115,80,3,['Standard']
822,282,Mega Gardevoir,Psychic,Fairy,618,68,85,65,165,135,100,3,['Mega']
820,283,Surskit,Bug,Water,269,40,30,32,50,52,65,3,['Standard']
819,284,Masquerain,Bug,Flying,454,70,60,62,100,82,80,3,['Standard']
818,285,Shroomish,Grass,,295,60,40,60,40,60,35,3,['Standard']
817,286,Breloom,Grass,Fighting,460,60,130,80,60,60,70,3,['Standard']
816,287,Slakoth,Normal,,280,60,60,60,35,35,30,3,['Standard']
815,288,Vigoroth,Normal,,440,80,80,80,55,55,90,3,['Standard']
814,289,Slaking,Normal,,670,150,160,100,95,65,100,3,['Standard']
813,290,Nincada,Bug,Ground,266,31,45,90,30,30,40,3,['Standard']
812,291,Ninjask,Bug,Flying,456,61,90,45,50,50,160,3,['Standard']
811,292,Shedinja,Bug,Ghost,236,1,90,45,30,30,40,3,['Standard']
810,293,Whismur,Normal,,240,64,51,23,51,23,28,3,['Standard']
809,294,Loudred,Normal,,360,84,71,43,71,43,48,3,['Standard']
808,295,Exploud,Normal,,490,104,91,63,91,73,68,3,['Standard']
807,296,Makuhita,Fighting,,237,72,60,30,20,30,25,3,['Standard']
806,297,Hariyama,Fighting,,474,144,120,60,40,60,50,3,['Standard']
805,298,Azurill,Normal,Fairy,190,50,20,40,20,40,20,3,['Standard']
804,299,Nosepass,Rock,,375,30,45,135,45,90,30,3,['Standard']
803,300,Skitty,Normal,,260,50,45,45,35,35,50,3,['Standard']
802,301,Delcatty,Normal,,400,70,65,65,55,55,90,3,['Standard']
800,302,Sableye,Dark,Ghost,380,50,75,75,65,65,50,3,['Standard']
801,302,Mega Sableye,Dark,Ghost,480,50,85,125,85,115,20,3,['Mega']
798,303,Mawile,Steel,Fairy,380,50,85,85,55,55,50,3,['Standard']
799,303,Mega Mawile,Steel,Fairy,480,50,105,125,55,95,50,3,['Mega']
797,304,Aron,Steel,Rock,330,50,70,100,40,40,30,3,['Standard']
796,305,Lairon,Steel,Rock,430,60,90,140,50,50,40,3,['Standard']
794,306,Aggron,Steel,Rock,530,70,110,180,60,60,50,3,['Standard']
795,306,Mega Aggron,Steel,,630,70,140,230,60,80,50,3,['Mega']
793,307,Meditite,Fighting,Psychic,280,30,40,55,40,55,60,3,['Standard']
791,308,Medicham,Fighting,Psychic,410,60,60,75,60,75,80,3,['Standard']
792,308,Mega Medicham,Fighting,Psychic,510,60,100,85,80,85,100,3,['Mega']
790,309,Electrike,Electric,,295,40,45,40,65,40,65,3,['Standard']
788,310,Manectric,Electric,,475,70,75,60,105,60,105,3,['Standard']
789,310,Mega Manectric,Electric,,575,70,75,80,135,80,135,3,['Mega']
787,311,Plusle,Electric,,405,60,50,40,85,75,95,3,['Standard']
786,312,Minun,Electric,,405,60,40,50,75,85,95,3,['Standard']
785,313,Volbeat,Bug,,430,65,73,75,47,85,85,3,['Standard']
784,314,Illumise,Bug,,430,65,47,75,73,85,85,3,['Standard']
783,315,Roselia,Grass,Poison,400,50,60,45,100,80,65,3,['Standard']
782,316,Gulpin,Poison,,302,70,43,53,43,53,40,3,['Standard']
781,317,Swalot,Poison,,467,100,73,83,73,83,55,3,['Standard']
780,318,Carvanha,Water,Dark,305,45,90,20,65,20,65,3,['Standard']
778,319,Sharpedo,Water,Dark,460,70,120,40,95,40,95,3,['Standard']
779,319,Mega Sharpedo,Water,Dark,560,70,140,70,110,65,105,3,['Mega']
777,320,Wailmer,Water,,400,130,70,35,70,35,60,3,['Standard']
776,321,Wailord,Water,,500,170,90,45,90,45,60,3,['Standard']
775,322,Numel,Fire,Ground,305,60,60,40,65,45,35,3,['Standard']
773,323,Camerupt,Fire,Ground,460,70,100,70,105,75,40,3,['Standard']
774,323,Mega Camerupt,Fire,Ground,560,70,120,100,145,105,20,3,['Mega']
772,324,Torkoal,Fire,,470,70,85,140,85,70,20,3,['Standard']
771,325,Spoink,Psychic,,330,60,25,35,70,80,60,3,['Standard']
770,326,Grumpig,Psychic,,470,80,45,65,90,110,80,3,['Standard']
769,327,Spinda,Normal,,360,60,60,60,60,60,60,3,['Standard']
768,328,Trapinch,Ground,,290,45,100,45,45,45,10,3,['Standard']
767,329,Vibrava,Ground,Dragon,340,50,70,50,50,50,70,3,['Standard']
766,330,Flygon,Ground,Dragon,520,80,100,80,80,80,100,3,['Standard']
765,331,Cacnea,Grass,,335,50,85,40,85,40,35,3,['Standard']
764,332,Cacturne,Grass,Dark,475,70,115,60,115,60,55,3,['Standard']
763,333,Swablu,Normal,Flying,310,45,40,60,40,75,50,3,['Standard']
761,334,Altaria,Dragon,Flying,490,75,70,90,70,105,80,3,['Standard']
762,334,Mega Altaria,Dragon,Fairy,590,75,110,110,110,105,80,3,['Mega']
760,335,Zangoose,Normal,,458,73,115,60,60,60,90,3,['Standard']
759,336,Seviper,Poison,,458,73,100,60,100,60,65,3,['Standard']
758,337,Lunatone,Rock,Psychic,460,90,55,65,95,85,70,3,['Standard']
757,338,Solrock,Rock,Psychic,460,90,95,85,55,65,70,3,['Standard']
756,339,Barboach,Water,Ground,288,50,48,43,46,41,60,3,['Standard']
755,340,Whiscash,Water,Ground,468,110,78,73,76,71,60,3,['Standard']
754,341,Corphish,Water,,308,43,80,65,50,35,35,3,['Standard']
753,342,Crawdaunt,Water,Dark,468,63,120,85,90,55,55,3,['Standard']
752,343,Baltoy,Ground,Psychic,300,40,40,55,40,70,55,3,['Standard']
751,344,Claydol,Ground,Psychic,500,60,70,105,70,120,75,3,['Standard']
750,345,Lileep,Rock,Grass,355,66,41,77,61,87,23,3,['Standard']
749,346,Cradily,Rock,Grass,495,86,81,97,81,107,43,3,['Standard']
748,347,Anorith,Rock,Bug,355,45,95,50,40,50,75,3,['Standard']
747,348,Armaldo,Rock,Bug,495,75,125,100,70,80,45,3,['Standard']
746,349,Feebas,Water,,200,20,15,20,10,55,80,3,['Standard']
745,350,Milotic,Water,,540,95,60,79,100,125,81,3,['Standard']
741,351,Castform Normal,Normal,,420,70,70,70,70,70,70,3,['Standard']
742,351,Castform Sunny Form,Fire,,420,70,70,70,70,70,70,3,['Standard']
743,351,Castform Rainy Form,Water,,420,70,70,70,70,70,70,3,['Standard']
744,351,Castform Snowy Form,Ice,,420,70,70,70,70,70,70,3,['Standard']
740,352,Kecleon,Normal,,440,60,90,70,60,120,40,3,['Standard']
739,353,Shuppet,Ghost,,295,44,75,35,63,33,45,3,['Standard']
737,354,Banette,Ghost,,455,64,115,65,83,63,65,3,['Standard']
738,354,Mega Banette,Ghost,,555,64,165,75,93,83,75,3,['Mega']
736,355,Duskull,Ghost,,295,20,40,90,30,90,25,3,['Standard']
735,356,Dusclops,Ghost,,455,40,70,130,60,130,25,3,['Standard']
734,357,Tropius,Grass,Flying,460,99,68,83,72,87,51,3,['Standard']
733,358,Chimecho,Psychic,,455,75,50,80,95,90,65,3,['Standard']
731,359,Absol,Dark,,465,65,130,60,75,60,75,3,['Standard']
732,359,Mega Absol,Dark,,565,65,150,60,115,60,115,3,['Mega']
730,360,Wynaut,Psychic,,260,95,23,48,23,48,23,3,['Standard']
1,361,Snorunt,Ice,,300,50,50,50,50,50,50,3,['Standard']
728,362,Glalie,Ice,,480,80,80,80,80,80,80,3,['Standard']
729,362,Mega Glalie,Ice,,580,80,120,80,120,80,100,3,['Mega']
727,363,Spheal,Ice,Water,290,70,40,50,55,50,25,3,['Standard']
726,364,Sealeo,Ice,Water,410,90,60,70,75,70,45,3,['Standard']
725,365,Walrein,Ice,Water,530,110,80,90,95,90,65,3,['Standard']
724,366,Clamperl,Water,,345,35,64,85,74,55,32,3,['Standard']
723,367,Huntail,Water,,485,55,104,105,94,75,52,3,['Standard']
722,368,Gorebyss,Water,,485,55,84,105,114,75,52,3,['Standard']
721,369,Relicanth,Water,Rock,485,100,90,130,45,65,55,3,['Standard']
720,370,Luvdisc,Water,,330,43,30,55,40,65,97,3,['Standard']
719,371,Bagon,Dragon,,300,45,75,60,40,30,50,3,['Standard']
718,372,Shelgon,Dragon,,420,65,95,100,60,50,50,3,['Standard']
716,373,Salamence,Dragon,Flying,600,95,135,80,110,80,100,3,['Pseudo-legendary']
717,373,Mega Salamence,Dragon,Flying,700,95,145,130,120,90,120,3,"['Pseudo-legendary', 'Mega']"
715,374,Beldum,Steel,Psychic,300,40,55,80,35,60,30,3,['Standard']
714,375,Metang,Steel,Psychic,420,60,75,100,55,80,50,3,['Standard']
712,376,Metagross,Steel,Psychic,600,80,135,130,95,90,70,3,['Pseudo-legendary']
713,376,Mega Metagross,Steel,Psychic,700,80,145,150,105,110,110,3,"['Pseudo-legendary', 'Mega']"
711,377,Regirock,Rock,,580,80,100,200,50,100,50,3,['Legendary']
710,378,Regice,Ice,,580,80,50,100,100,200,50,3,['Legendary']
709,379,Registeel,Steel,,580,80,75,150,75,150,50,3,['Legendary']
707,380,Latias,Dragon,Psychic,600,80,80,90,110,130,110,3,['Legendary']
708,380,Mega Latias,Dragon,Psychic,700,80,100,120,140,150,110,3,"['Legendary', 'Mega']"
705,381,Latios,Dragon,Psychic,600,80,90,80,130,110,110,3,['Legendary']
706,381,Mega Latios,Dragon,Psychic,700,80,130,100,160,120,110,3,"['Legendary', 'Mega']"
703,382,Kyogre,Water,,670,100,100,90,150,140,90,3,['Legendary']
704,382,Primal Kyogre,Water,,770,100,150,90,180,160,90,3,['Legendary']
701,383,Groudon,Ground,,670,100,150,140,100,90,90,3,['Legendary']
702,383,Primal Groudon,Ground,Fire,770,100,180,160,150,90,90,3,['Legendary']
699,384,Rayquaza,Dragon,Flying,680,105,150,90,150,90,95,3,['Legendary']
700,384,Mega Rayquaza,Dragon,Flying,780,105,180,100,180,100,115,3,"['Legendary', 'Mega']"
698,385,Jirachi,Steel,Psychic,600,100,100,100,100,100,100,3,['Mythical']
694,386,Deoxys Normal Forme,Psychic,,600,50,150,50,150,50,150,3,['Mythical']
695,386,Deoxys Attack Forme,Psychic,,600,50,180,20,180,20,150,3,['Mythical']
696,386,Deoxys Defense Forme,Psychic,,600,50,70,160,70,160,90,3,['Mythical']
697,386,Deoxys Speed Forme,Psychic,,600,50,95,90,95,90,180,3,['Mythical']
693,387,Turtwig,Grass,,318,55,68,64,45,55,31,4,['Standard']
692,388,Grotle,Grass,,405,75,89,85,55,65,36,4,['Standard']
691,389,Torterra,Grass,Ground,525,95,109,105,75,85,56,4,['Standard']
690,390,Chimchar,Fire,,309,44,58,44,58,44,61,4,['Standard']
689,391,Monferno,Fire,Fighting,405,64,78,52,78,52,81,4,['Standard']
688,392,Infernape,Fire,Fighting,534,76,104,71,104,71,108,4,['Standard']
687,393,Piplup,Water,,314,53,51,53,61,56,40,4,['Standard']
686,394,Prinplup,Water,,405,64,66,68,81,76,50,4,['Standard']
685,395,Empoleon,Water,Steel,530,84,86,88,111,101,60,4,['Standard']
684,396,Starly,Normal,Flying,245,40,55,30,30,30,60,4,['Standard']
683,397,Staravia,Normal,Flying,340,55,75,50,40,40,80,4,['Standard']
682,398,Staraptor,Normal,Flying,485,85,120,70,50,60,100,4,['Standard']
681,399,Bidoof,Normal,,250,59,45,40,35,40,31,4,['Standard']
680,400,Bibarel,Normal,Water,410,79,85,60,55,60,71,4,['Standard']
679,401,Kricketot,Bug,,194,37,25,41,25,41,25,4,['Standard']
678,402,Kricketune,Bug,,384,77,85,51,55,51,65,4,['Standard']
677,403,Shinx,Electric,,263,45,65,34,40,34,45,4,['Standard']
676,404,Luxio,Electric,,363,60,85,49,60,49,60,4,['Standard']
675,405,Luxray,Electric,,523,80,120,79,95,79,70,4,['Standard']
674,406,Budew,Grass,Poison,280,40,30,35,50,70,55,4,['Standard']
673,407,Roserade,Grass,Poison,515,60,70,65,125,105,90,4,['Standard']
672,408,Cranidos,Rock,,350,67,125,40,30,30,58,4,['Standard']
671,409,Rampardos,Rock,,495,97,165,60,65,50,58,4,['Standard']
670,410,Shieldon,Rock,Steel,350,30,42,118,42,88,30,4,['Standard']
669,411,Bastiodon,Rock,Steel,495,60,52,168,47,138,30,4,['Standard']
668,412,Burmy,Bug,,224,40,29,45,29,45,36,4,['Standard']
665,413,Wormadam Plant Cloak,Bug,Grass,424,60,59,85,79,105,36,4,['Standard']
666,413,Wormadam Sandy Cloak,Bug,Ground,424,60,79,105,59,85,36,4,['Standard']
667,413,Wormadam Trash Cloak,Bug,Steel,424,60,69,95,69,95,36,4,['Standard']
664,414,Mothim,Bug,Flying,424,70,94,50,94,50,66,4,['Standard']
663,415,Combee,Bug,Flying,244,30,30,42,30,42,70,4,['Standard']
662,416,Vespiquen,Bug,Flying,474,70,80,102,80,102,40,4,['Standard']
661,417,Pachirisu,Electric,,405,60,45,70,45,90,95,4,['Standard']
660,418,Buizel,Water,,330,55,65,35,60,30,85,4,['Standard']
659,419,Floatzel,Water,,495,85,105,55,85,50,115,4,['Standard']
658,420,Cherubi,Grass,,275,45,35,45,62,53,35,4,['Standard']
656,421,Cherrim Overcast Form,Grass,,450,70,60,70,87,78,85,4,['Standard']
657,421,Cherrim Sunshine Form,Grass,,519,70,90,70,87,117,85,4,['Standard']
655,422,Shellos,Water,,325,76,48,48,57,62,34,4,['Standard']
654,423,Gastrodon,Water,Ground,475,111,83,68,92,82,39,4,['Standard']
653,424,Ambipom,Normal,,482,75,100,66,60,66,115,4,['Standard']
652,425,Drifloon,Ghost,Flying,348,90,50,34,60,44,70,4,['Standard']
651,426,Drifblim,Ghost,Flying,498,150,80,44,90,54,80,4,['Standard']
650,427,Buneary,Normal,,350,55,66,44,44,56,85,4,['Standard']
648,428,Lopunny,Normal,,480,65,76,84,54,96,105,4,['Standard']
649,428,Mega Lopunny,Normal,Fighting,580,65,136,94,54,96,135,4,['Mega']
647,429,Mismagius,Ghost,,495,60,60,60,105,105,105,4,['Standard']
646,430,Honchkrow,Dark,Flying,505,100,125,52,105,52,71,4,['Standard']
645,431,Glameow,Normal,,310,49,55,42,42,37,85,4,['Standard']
644,432,Purugly,Normal,,452,71,82,64,64,59,112,4,['Standard']
643,433,Chingling,Psychic,,285,45,30,50,65,50,45,4,['Standard']
642,434,Stunky,Poison,Dark,329,63,63,47,41,41,74,4,['Standard']
641,435,Skuntank,Poison,Dark,479,103,93,67,71,61,84,4,['Standard']
640,436,Bronzor,Steel,Psychic,300,57,24,86,24,86,23,4,['Standard']
639,437,Bronzong,Steel,Psychic,500,67,89,116,79,116,33,4,['Standard']
638,438,Bonsly,Rock,,290,50,80,95,10,45,10,4,['Standard']
637,439,Mime Jr.,Psychic,Fairy,310,20,25,45,70,90,60,4,['Standard']
636,440,Happiny,Normal,,220,100,5,5,15,65,30,4,['Standard']
635,441,Chatot,Normal,Flying,411,76,65,45,92,42,91,4,['Standard']
634,442,Spiritomb,Ghost,Dark,485,50,92,108,92,108,35,4,['Standard']
633,443,Gible,Dragon,Ground,300,58,70,45,40,45,42,4,['Standard']
632,444,Gabite,Dragon,Ground,410,68,90,65,50,55,82,4,['Standard']
630,445,Garchomp,Dragon,Ground,600,108,130,95,80,85,102,4,['Pseudo-legendary']
631,445,Mega Garchomp,Dragon,Ground,700,108,170,115,120,95,92,4,"['Pseudo-legendary', 'Mega']"
629,446,Munchlax,Normal,,390,135,85,40,40,85,5,4,['Standard']
628,447,Riolu,Fighting,,285,40,70,40,35,40,60,4,['Standard']
626,448,Lucario,Fighting,Steel,525,70,110,70,115,70,90,4,['Standard']
627,448,Mega Lucario,Fighting,Steel,625,70,145,88,140,70,112,4,['Mega']
625,449,Hippopotas,Ground,,330,68,72,78,38,42,32,4,['Standard']
624,450,Hippowdon,Ground,,525,108,112,118,68,72,47,4,['Standard']
623,451,Skorupi,Poison,Bug,330,40,50,90,30,55,65,4,['Standard']
622,452,Drapion,Poison,Dark,500,70,90,110,60,75,95,4,['Standard']
621,453,Croagunk,Poison,Fighting,300,48,61,40,61,40,50,4,['Standard']
620,454,Toxicroak,Poison,Fighting,490,83,106,65,86,65,85,4,['Standard']
619,455,Carnivine,Grass,,454,74,100,72,90,72,46,4,['Standard']
618,456,Finneon,Water,,330,49,49,56,49,61,66,4,['Standard']
617,457,Lumineon,Water,,460,69,69,76,69,86,91,4,['Standard']
616,458,Mantyke,Water,Flying,345,45,20,50,60,120,50,4,['Standard']
615,459,Snover,Grass,Ice,334,60,62,50,62,60,40,4,['Standard']
613,460,Abomasnow,Grass,Ice,494,90,92,75,92,85,60,4,['Standard']
614,460,Mega Abomasnow,Grass,Ice,594,90,132,105,132,105,30,4,['Mega']
612,461,Weavile,Dark,Ice,510,70,120,65,45,85,125,4,['Standard']
611,462,Magnezone,Electric,Steel,535,70,70,115,130,90,60,4,['Standard']
610,463,Lickilicky,Normal,,515,110,85,95,80,95,50,4,['Standard']
609,464,Rhyperior,Ground,Rock,535,115,140,130,55,55,40,4,['Standard']
608,465,Tangrowth,Grass,,535,100,100,125,110,50,50,4,['Standard']
607,466,Electivire,Electric,,540,75,123,67,95,85,95,4,['Standard']
606,467,Magmortar,Fire,,540,75,95,67,125,95,83,4,['Standard']
605,468,Togekiss,Fairy,Flying,545,85,50,95,120,115,80,4,['Standard']
604,469,Yanmega,Bug,Flying,515,86,76,86,116,56,95,4,['Standard']
603,470,Leafeon,Grass,,525,65,110,130,60,65,95,4,['Standard']
602,471,Glaceon,Ice,,525,65,60,110,130,95,65,4,['Standard']
601,472,Gliscor,Ground,Flying,510,75,95,125,45,75,95,4,['Standard']
600,473,Mamoswine,Ice,Ground,530,110,130,80,70,60,80,4,['Standard']
599,474,Porygon-Z,Normal,,535,85,80,70,135,75,90,4,['Standard']
597,475,Gallade,Psychic,Fighting,518,68,125,65,65,115,80,4,['Standard']
598,475,Mega Gallade,Psychic,Fighting,618,68,165,95,65,115,110,4,['Mega']
596,476,Probopass,Rock,Steel,525,60,55,145,75,150,40,4,['Standard']
595,477,Dusknoir,Ghost,,525,45,100,135,65,135,45,4,['Standard']
594,478,Froslass,Ice,Ghost,480,70,80,70,80,70,110,4,['Standard']
588,479,Rotom,Electric,Ghost,440,50,50,77,95,77,91,4,['Standard']
589,479,Heat Rotom,Electric,Fire,520,50,65,107,105,107,86,4,['Standard']
590,479,Wash Rotom,Electric,Water,520,50,65,107,105,107,86,4,['Standard']
591,479,Frost Rotom,Electric,Ice,520,50,65,107,105,107,86,4,['Standard']
592,479,Frost Rotom,Electric,Flying,520,50,65,107,105,107,86,4,['Standard']
593,479,Fan Rotom,Electric,Grass,520,50,65,107,105,107,86,4,['Standard']
587,480,Uxie,Psychic,,580,75,75,130,75,130,95,4,['Legendary']
586,481,Mesprit,Psychic,,580,80,105,105,105,105,80,4,['Legendary']
585,482,Azelf,Psychic,,580,75,125,70,125,70,115,4,['Legendary']
583,483,Dialga,Steel,Dragon,680,100,120,120,150,100,90,4,['Legendary']
584,483,Dialga Origin Forme,Steel,Dragon,680,100,100,120,150,120,90,4,['Legendary']
581,484,Palkia,Water,Dragon,680,90,120,100,150,120,100,4,['Legendary']
582,484,Palkia Origin Forme,Water,Dragon,680,90,100,100,150,120,120,4,['Legendary']
580,485,Heatran,Fire,Steel,600,91,90,106,130,106,77,4,['Legendary']
579,486,Regigigas,Normal,,670,110,160,110,80,110,100,4,['Legendary']
577,487,Giratina Altered Forme,Ghost,Dragon,680,150,100,120,100,120,90,4,['Legendary']
578,487,Giratina Origin Forme,Ghost,Dragon,680,150,120,100,120,100,90,4,['Legendary']
576,488,Cresselia,Psychic,,580,120,70,110,75,120,85,4,['Legendary']
575,489,Phione,Water,,480,80,80,80,80,80,80,4,['Standard']
574,490,Manaphy,Water,,600,100,100,100,100,100,100,4,['Mythical']
573,491,Darkrai,Dark,,600,70,90,90,135,90,125,4,['Mythical']
571,492,Shaymin Land Forme,Grass,,600,100,100,100,100,100,100,4,['Mythical']
572,492,Shaymin Sky Forme,Grass,Flying,600,100,103,75,120,75,127,4,['Mythical']
570,493,Arceus,Normal,,720,120,120,120,120,120,120,4,['Mythical']
569,494,Victini,Psychic,Fire,600,100,100,100,100,100,100,5,['Mythical']
568,495,Snivy,Grass,,308,45,45,55,45,55,63,5,['Standard']
567,496,Servine,Grass,,413,60,60,75,60,75,83,5,['Standard']
566,497,Serperior,Grass,,528,75,75,95,75,95,113,5,['Standard']
565,498,Tepig,Fire,,308,65,63,45,45,45,45,5,['Standard']
564,499,Pignite,Fire,Fighting,418,90,93,55,70,55,55,5,['Standard']
563,500,Emboar,Fire,Fighting,528,110,123,65,100,65,65,5,['Standard']
562,501,Oshawott,Water,,308,55,55,45,63,45,45,5,['Standard']
561,502,Dewott,Water,,413,75,75,60,83,60,60,5,['Standard']
559,503,Samurott,Water,,528,95,100,85,108,70,70,5,['Standard']
560,503,Hisuian Samurott,Water,Dark,528,90,108,80,100,65,85,5,['Regional Form']
558,504,Patrat,Normal,,255,45,55,39,35,39,42,5,['Standard']
557,505,Watchog,Normal,,420,60,85,69,60,69,77,5,['Standard']
556,506,Lillipup,Normal,,275,45,60,45,25,45,55,5,['Standard']
555,507,Herdier,Normal,,370,65,80,65,35,65,60,5,['Standard']
554,508,Stoutland,Normal,,500,85,110,90,45,90,80,5,['Standard']
553,509,Purrloin,Dark,,281,41,50,37,50,37,66,5,['Standard']
552,510,Liepard,Dark,,446,64,88,50,88,50,106,5,['Standard']
551,511,Pansage,Grass,,316,50,53,48,53,48,64,5,['Standard']
550,512,Simisage,Grass,,498,75,98,63,98,63,101,5,['Standard']
549,513,Pansear,Fire,,316,50,53,48,53,48,64,5,['Standard']
548,514,Simisear,Fire,,498,75,98,63,98,63,101,5,['Standard']
547,515,Panpour,Water,,316,50,53,48,53,48,64,5,['Standard']
546,516,Simipour,Water,,498,75,98,63,98,63,101,5,['Standard']
545,517,Munna,Psychic,,292,76,25,45,67,55,24,5,['Standard']
544,518,Musharna,Psychic,,487,116,55,85,107,95,29,5,['Standard']
543,519,Pidove,Normal,Flying,264,50,55,50,36,30,43,5,['Standard']
542,520,Tranquill,Normal,Flying,358,62,77,62,50,42,65,5,['Standard']
541,521,Unfezant,Normal,Flying,488,80,115,80,65,55,93,5,['Standard']
540,522,Blitzle,Electric,,295,45,60,32,50,32,76,5,['Standard']
539,523,Zebstrika,Electric,,497,75,100,63,80,63,116,5,['Standard']
538,524,Roggenrola,Rock,,280,55,75,85,25,25,15,5,['Standard']
537,525,Boldore,Rock,,390,70,105,105,50,40,20,5,['Standard']
536,526,Gigalith,Rock,,515,85,135,130,60,80,25,5,['Standard']
535,527,Woobat,Psychic,Flying,323,65,45,43,55,43,72,5,['Standard']
534,528,Swoobat,Psychic,Flying,425,67,57,55,77,55,114,5,['Standard']
533,529,Drilbur,Ground,,328,60,85,40,30,45,68,5,['Standard']
532,530,Excadrill,Ground,Steel,508,110,135,60,50,65,88,5,['Standard']
530,531,Audino,Normal,,445,103,60,86,60,86,50,5,['Standard']
531,531,Mega Audino,Normal,Fairy,545,103,60,126,80,126,50,5,['Mega']
529,532,Timburr,Fighting,,305,75,80,55,25,35,35,5,['Standard']
528,533,Gurdurr,Fighting,,405,85,105,85,40,50,40,5,['Standard']
527,534,Conkeldurr,Fighting,,505,105,140,95,55,65,45,5,['Standard']
526,535,Tympole,Water,,294,50,50,40,50,40,64,5,['Standard']
525,536,Palpitoad,Water,Ground,384,75,65,55,65,55,69,5,['Standard']
524,537,Seismitoad,Water,Ground,509,105,95,75,85,75,74,5,['Standard']
523,538,Throh,Fighting,,465,120,100,85,30,85,45,5,['Standard']
522,539,Sawk,Fighting,,465,75,125,75,30,75,85,5,['Standard']
521,540,Sewaddle,Bug,Grass,310,45,53,70,40,60,42,5,['Standard']
520,541,Swadloon,Bug,Grass,380,55,63,90,50,80,42,5,['Standard']
519,542,Leavanny,Bug,Grass,500,75,103,80,70,80,92,5,['Standard']
518,543,Venipede,Bug,Poison,260,30,45,59,30,39,57,5,['Standard']
517,544,Whirlipede,Bug,Poison,360,40,55,99,40,79,47,5,['Standard']
516,545,Scolipede,Bug,Poison,485,60,100,89,55,69,112,5,['Standard']
515,546,Cottonee,Grass,Fairy,280,40,27,60,37,50,66,5,['Standard']
514,547,Whimsicott,Grass,Fairy,480,60,67,85,77,75,116,5,['Standard']
513,548,Petilil,Grass,,280,45,35,50,70,50,30,5,['Standard']
511,549,Lilligant,Grass,,480,70,60,75,110,75,90,5,['Standard']
512,549,Hisuian Lilligant,Grass,Fighting,480,70,105,75,50,75,105,5,['Regional Form']
510,550,Basculin,Water,,460,70,92,65,80,55,98,5,['Standard']
509,551,Sandile,Ground,Dark,292,50,72,35,35,35,65,5,['Standard']
508,552,Krokorok,Ground,Dark,351,60,82,45,45,45,74,5,['Standard']
507,553,Krookodile,Ground,Dark,519,95,117,80,65,70,92,5,['Standard']
505,554,Darumaka,Fire,,315,70,90,45,15,45,50,5,['Standard']
506,554,Galarian Darumaka,Ice,,315,70,90,45,15,45,50,5,['Regional Form']
501,555,Darmanitan Standard Mode,Fire,,480,105,140,55,30,55,95,5,['Standard']
502,555,Darmanitan Galarian Standard Mode,Ice,,480,105,140,55,30,55,95,5,['Regional Form']
503,555,Darmanitan Zen Mode,Fire,Psychic,540,105,30,105,140,105,55,5,['Standard']
504,555,Darmanitan Galarian Zen Mode,Ice,Fire,540,105,160,55,30,55,135,5,['Regional Form']
500,556,Maractus,Grass,,461,75,86,67,106,67,60,5,['Standard']
499,557,Dwebble,Bug,Rock,325,50,65,85,35,35,55,5,['Standard']
498,558,Crustle,Bug,Rock,485,70,105,125,65,75,45,5,['Standard']
497,559,Scraggy,Dark,Fighting,348,50,75,70,35,70,48,5,['Standard']
496,560,Scrafty,Dark,Fighting,488,65,90,115,45,115,58,5,['Standard']
495,561,Sigilyph,Psychic,Flying,490,72,58,80,103,80,97,5,['Standard']
493,562,Yamask,Ghost,,303,38,30,85,55,65,30,5,['Standard']
494,562,Galarian Yamask,Ground,Ghost,303,38,55,85,30,65,30,5,['Regional Form']
492,563,Cofagrigus,Ghost,,483,58,50,145,95,105,30,5,['Standard']
491,564,Tirtouga,Water,Rock,355,54,78,103,53,45,22,5,['Standard']
490,565,Carracosta,Water,Rock,495,74,108,133,83,65,32,5,['Standard']
489,566,Archen,Rock,Flying,401,55,112,45,74,45,70,5,['Standard']
488,567,Archeops,Rock,Flying,567,75,140,65,112,65,110,5,['Standard']
487,568,Trubbish,Poison,,329,50,50,62,40,62,65,5,['Standard']
486,569,Garbodor,Poison,,474,80,95,82,60,82,75,5,['Standard']
484,570,Zorua,Dark,,330,40,65,40,80,40,65,5,['Standard']
485,570,Hisuian Zorua,Normal,Ghost,330,35,60,40,85,40,70,5,['Regional Form']
482,571,Zoroark,Dark,,510,60,105,60,120,60,105,5,['Standard']
483,571,Hisuian Zoroark,Normal,Ghost,510,55,100,60,125,60,110,5,['Regional Form']
481,572,Minccino,Normal,,300,55,50,40,40,40,75,5,['Standard']
480,573,Cinccino,Normal,,470,75,95,60,65,60,115,5,['Standard']
479,574,Gothita,Psychic,,290,45,30,50,55,65,45,5,['Standard']
478,575,Gothorita,Psychic,,390,60,45,70,75,85,55,5,['Standard']
477,576,Gothitelle,Psychic,,490,70,55,95,95,110,65,5,['Standard']
476,577,Solosis,Psychic,,290,45,30,40,105,50,20,5,['Standard']
475,578,Duosion,Psychic,,370,65,40,50,125,60,30,5,['Standard']
474,579,Reuniclus,Psychic,,490,110,65,75,125,85,30,5,['Standard']
473,580,Ducklett,Water,Flying,305,62,44,50,44,50,55,5,['Standard']
472,581,Swanna,Water,Flying,473,75,87,63,87,63,98,5,['Standard']
471,582,Vanillite,Ice,,305,36,50,50,65,60,44,5,['Standard']
470,583,Vanillish,Ice,,395,51,65,65,80,75,59,5,['Standard']
469,584,Vanilluxe,Ice,,535,71,95,85,110,95,79,5,['Standard']
468,585,Deerling,Normal,Grass,335,60,60,50,40,50,75,5,['Standard']
467,586,Sawsbuck,Normal,Grass,475,80,100,70,60,70,95,5,['Standard']
466,587,Emolga,Electric,Flying,428,55,75,60,75,60,103,5,['Standard']
465,588,Karrablast,Bug,,315,50,75,45,40,45,60,5,['Standard']
464,589,Escavalier,Bug,Steel,495,70,135,105,60,105,20,5,['Standard']
463,590,Foongus,Grass,Poison,294,69,55,45,55,55,15,5,['Standard']
462,591,Amoonguss,Grass,Poison,464,114,85,70,85,80,30,5,['Standard']
461,592,Frillish,Water,Ghost,335,55,40,50,65,85,40,5,['Standard']
460,593,Jellicent,Water,Ghost,480,100,60,70,85,105,60,5,['Standard']
459,594,Alomomola,Water,,470,165,75,80,40,45,65,5,['Standard']
458,595,Joltik,Bug,Electric,319,50,47,50,57,50,65,5,['Standard']
457,596,Galvantula,Bug,Electric,472,70,77,60,97,60,108,5,['Standard']
456,597,Ferroseed,Grass,Steel,305,44,50,91,24,86,10,5,['Standard']
455,598,Ferrothorn,Grass,Steel,489,74,94,131,54,116,20,5,['Standard']
454,599,Klink,Steel,,300,40,55,70,45,60,30,5,['Standard']
453,600,Klang,Steel,,440,60,80,95,70,85,50,5,['Standard']
452,601,Klinklang,Steel,,520,60,100,115,70,85,90,5,['Standard']
451,602,Tynamo,Electric,,275,35,55,40,45,40,60,5,['Standard']
450,603,Eelektrik,Electric,,405,65,85,70,75,70,40,5,['Standard']
449,604,Eelektross,Electric,,515,85,115,80,105,80,50,5,['Standard']
448,605,Elgyem,Psychic,,335,55,55,55,85,55,30,5,['Standard']
447,606,Beheeyem,Psychic,,485,75,75,75,125,95,40,5,['Standard']
446,607,Litwick,Ghost,Fire,275,50,30,55,65,55,20,5,['Standard']
445,608,Lampent,Ghost,Fire,370,60,40,60,95,60,55,5,['Standard']
444,609,Chandelure,Ghost,Fire,520,60,55,90,145,90,80,5,['Standard']
443,610,Axew,Dragon,,320,46,87,60,30,40,57,5,['Standard']
442,611,Fraxure,Dragon,,410,66,117,70,40,50,67,5,['Standard']
441,612,Haxorus,Dragon,,540,76,147,90,60,70,97,5,['Standard']
440,613,Cubchoo,Ice,,305,55,70,40,60,40,40,5,['Standard']
439,614,Beartic,Ice,,505,95,130,80,70,80,50,5,['Standard']
438,615,Cryogonal,Ice,,515,80,50,50,95,135,105,5,['Standard']
437,616,Shelmet,Bug,,305,50,40,85,40,65,25,5,['Standard']
436,617,Accelgor,Bug,,495,80,70,40,100,60,145,5,['Standard']
434,618,Stunfisk,Ground,Electric,471,109,66,84,81,99,32,5,['Standard']
435,618,Galarian Stunfisk,Ground,Steel,471,109,81,99,66,84,32,5,['Regional Form']
433,619,Mienfoo,Fighting,,350,45,85,50,55,50,65,5,['Standard']
432,620,Mienshao,Fighting,,510,65,125,60,95,60,105,5,['Standard']
431,621,Druddigon,Dragon,,485,77,120,90,60,90,48,5,['Standard']
430,622,Golett,Ground,Ghost,303,59,74,50,35,50,35,5,['Standard']
429,623,Golurk,Ground,Ghost,483,89,124,80,55,80,55,5,['Standard']
428,624,Pawniard,Dark,Steel,340,45,85,70,40,40,60,5,['Standard']
427,625,Bisharp,Dark,Steel,490,65,125,100,60,70,70,5,['Standard']
426,626,Bouffalant,Normal,,490,95,110,95,40,95,55,5,['Standard']
425,627,Rufflet,Normal,Flying,350,70,83,50,37,50,60,5,['Standard']
423,628,Braviary,Normal,Flying,510,100,123,75,57,75,80,5,['Standard']
424,628,Hisuian Braviary,Psychic,Flying,510,110,83,70,112,70,65,5,['Regional Form']
422,629,Vullaby,Dark,Flying,370,70,55,75,45,65,60,5,['Standard']
421,630,Mandibuzz,Dark,Flying,510,110,65,105,55,95,80,5,['Standard']
420,631,Heatmor,Fire,,484,85,97,66,105,66,65,5,['Standard']
419,632,Durant,Bug,Steel,484,58,109,112,48,48,109,5,['Standard']
418,633,Deino,Dark,Dragon,300,52,65,50,45,50,38,5,['Standard']
417,634,Zweilous,Dark,Dragon,420,72,85,70,65,70,58,5,['Standard']
416,635,Hydreigon,Dark,Dragon,600,92,105,90,125,90,98,5,['Pseudo-legendary']
415,636,Larvesta,Bug,Fire,360,55,85,55,50,55,60,5,['Standard']
414,637,Volcarona,Bug,Fire,550,85,60,65,135,105,100,5,['Standard']
413,638,Cobalion,Steel,Fighting,580,91,90,129,90,72,108,5,['Legendary']
412,639,Terrakion,Rock,Fighting,580,91,129,90,72,90,108,5,['Legendary']
411,640,Virizion,Grass,Fighting,580,91,90,72,90,129,108,5,['Legendary']
409,641,Tornadus Incarnate Forme,Flying,,580,79,115,70,125,80,111,5,['Legendary']
410,641,Tornadus Therian Forme,Flying,,580,79,100,80,110,90,121,5,['Legendary']
407,642,Thundurus Incarnate Forme,Electric,Flying,580,79,115,70,125,80,111,5,['Legendary']
408,642,Thundurus Therian Forme,Electric,Flying,580,79,105,70,145,80,101,5,['Legendary']
406,643,Reshiram,Dragon,Fire,680,100,120,100,150,120,90,5,['Legendary']
405,644,Zekrom,Dragon,Electric,680,100,150,120,120,100,90,5,['Legendary']
403,645,Landorus Incarnate Forme,Ground,Flying,600,89,125,90,115,80,101,5,['Legendary']
404,645,Landorus Therian Forme,Ground,Flying,600,89,145,90,105,80,91,5,['Legendary']
400,646,Kyurem,Dragon,Ice,660,125,130,90,130,90,95,5,['Legendary']
401,646,White Kyurem,Dragon,Ice,700,125,120,90,170,100,95,5,['Legendary']
402,646,Black Kyurem,Dragon,Ice,700,125,170,100,120,90,95,5,['Legendary']
399,647,Keldeo,Water,Fighting,580,91,72,90,129,90,108,5,['Mythical']
397,648,Meloetta Aria Forme,Normal,Psychic,600,100,77,77,128,128,90,5,['Mythical']
398,648,Meloetta Pirouette Forme,Normal,Fighting,600,100,128,90,77,77,128,5,['Mythical']
396,649,Genesect,Bug,Steel,600,71,120,95,120,95,99,5,['Mythical']
395,650,Chespin,Grass,,313,56,61,65,48,45,38,6,['Standard']
394,651,Quilladin,Grass,,405,61,78,95,56,58,57,6,['Standard']
393,652,Chesnaught,Grass,Fighting,530,88,107,122,74,75,64,6,['Standard']
392,653,Fennekin,Fire,,307,40,45,40,62,60,60,6,['Standard']
391,654,Braixen,Fire,,409,59,59,58,90,70,73,6,['Standard']
390,655,Delphox,Fire,Psychic,534,75,69,72,114,100,104,6,['Standard']
389,656,Froakie,Water,,314,41,56,40,62,44,71,6,['Standard']
388,657,Frogadier,Water,,405,54,63,52,83,56,97,6,['Standard']
386,658,Greninja,Water,Dark,530,72,95,67,103,71,122,6,['Standard']
387,658,Ash-Greninja,Water,Dark,640,72,145,67,153,71,132,6,['Standard']
385,659,Bunnelby,Normal,,237,38,36,38,32,36,57,6,['Standard']
384,660,Diggersby,Normal,Ground,423,85,56,77,50,77,78,6,['Standard']
383,661,Fletchling,Normal,Flying,278,45,50,43,40,38,62,6,['Standard']
382,662,Fletchinder,Fire,Flying,382,62,73,55,56,52,84,6,['Standard']
381,663,Talonflame,Fire,Flying,499,78,81,71,74,69,126,6,['Standard']
380,664,Scatterbug,Bug,,200,38,35,40,27,25,35,6,['Standard']
379,665,Spewpa,Bug,,213,45,22,60,27,30,29,6,['Standard']
378,666,Vivillon,Bug,Flying,411,80,52,50,90,50,89,6,['Standard']
377,667,Litleo,Fire,Normal,369,62,50,58,73,54,72,6,['Standard']
376,668,Pyroar,Fire,Normal,507,86,68,72,109,66,106,6,['Standard']
375,669,Flabébé,Fairy,,303,44,38,39,61,79,42,6,['Standard']
374,670,Floette,Fairy,,371,54,45,47,75,98,52,6,['Standard']
373,671,Florges,Fairy,,552,78,65,68,112,154,75,6,['Standard']
372,672,Skiddo,Grass,,350,66,65,48,62,57,52,6,['Standard']
371,673,Gogoat,Grass,,531,123,100,62,97,81,68,6,['Standard']
370,674,Pancham,Fighting,,348,67,82,62,46,48,43,6,['Standard']
369,675,Pangoro,Fighting,Dark,495,95,124,78,69,71,58,6,['Standard']
368,676,Furfrou,Normal,,472,75,80,60,65,90,102,6,['Standard']
367,677,Espurr,Psychic,,355,62,48,54,63,60,68,6,['Standard']
366,678,Meowstic,Psychic,,466,74,48,76,83,81,104,6,['Standard']
365,679,Honedge,Steel,Ghost,325,45,80,100,35,37,28,6,['Standard']
364,680,Doublade,Steel,Ghost,448,59,110,150,45,49,35,6,['Standard']
362,681,Aegislash Shield Forme,Steel,Ghost,500,60,50,140,50,140,60,6,['Standard']
363,681,Aegislash Blade Forme,Steel,Ghost,500,60,140,50,140,50,60,6,['Standard']
361,682,Spritzee,Fairy,,341,78,52,60,63,65,23,6,['Standard']
360,683,Aromatisse,Fairy,,462,101,72,72,99,89,29,6,['Standard']
359,684,Swirlix,Fairy,,341,62,48,66,59,57,49,6,['Standard']
358,685,Slurpuff,Fairy,,480,82,80,86,85,75,72,6,['Standard']
357,686,Inkay,Dark,Psychic,288,53,54,53,37,46,45,6,['Standard']
356,687,Malamar,Dark,Psychic,482,86,92,88,68,75,73,6,['Standard']
355,688,Binacle,Rock,Water,306,42,52,67,39,56,50,6,['Standard']
354,689,Barbaracle,Rock,Water,500,72,105,115,54,86,68,6,['Standard']
353,690,Skrelp,Poison,Water,320,50,60,60,60,60,30,6,['Standard']
352,691,Dragalge,Poison,Dragon,494,65,75,90,97,123,44,6,['Standard']
351,692,Clauncher,Water,,330,50,53,62,58,63,44,6,['Standard']
350,693,Clawitzer,Water,,500,71,73,88,120,89,59,6,['Standard']
349,694,Helioptile,Electric,Normal,289,44,38,33,61,43,70,6,['Standard']
348,695,Heliolisk,Electric,Normal,481,62,55,52,109,94,109,6,['Standard']
347,696,Tyrunt,Rock,Dragon,362,58,89,77,45,45,48,6,['Standard']
346,697,Tyrantrum,Rock,Dragon,521,82,121,119,69,59,71,6,['Standard']
345,698,Amaura,Rock,Ice,362,77,59,50,67,63,46,6,['Standard']
344,699,Aurorus,Rock,Ice,521,123,77,72,99,92,58,6,['Standard']
343,700,Sylveon,Fairy,,525,95,65,65,110,130,60,6,['Standard']
342,701,Hawlucha,Fighting,Flying,500,78,92,75,74,63,118,6,['Standard']
341,702,Dedenne,Electric,Fairy,431,67,58,57,81,67,101,6,['Standard']
340,703,Carbink,Rock,Fairy,500,50,50,150,50,150,50,6,['Standard']
339,704,Goomy,Dragon,,300,45,50,35,55,75,40,6,['Standard']
337,705,Sliggoo,Dragon,,452,68,75,53,83,113,60,6,['Standard']
338,705,Hisuian Sliggoo,Steel,Dragon,452,58,75,83,83,113,40,6,['Regional Form']
335,706,Goodra,Dragon,,600,90,100,70,110,150,80,6,['Pseudo-legendary']
336,706,Hisuian Goodra,Steel,Dragon,600,80,100,100,110,150,60,6,"['Pseudo-legendary', 'Regional Form']"
334,707,Klefki,Steel,Fairy,470,57,80,91,80,87,75,6,['Standard']
333,708,Phantump,Ghost,Grass,309,43,70,48,50,60,38,6,['Standard']
332,709,Trevenant,Ghost,Grass,474,85,110,76,65,82,56,6,['Standard']
331,710,Pumpkaboo Super Size,Ghost,Grass,335,49,66,70,44,55,51,6,['Standard']
0,710,Pumpkaboo Small Size,Ghost,Grass,335,44,66,70,44,55,56,6,['Standard']
1,710,Pumpkaboo Large Size,Ghost,Grass,335,54,66,70,44,55,46,6,['Standard']
2,710,Pumpkaboo Super Size,Ghost,Grass,335,59,66,70,44,55,41,6,['Standard']
330,711,Pumpkaboo Average Size,Ghost,Grass,494,65,90,122,58,75,84,6,['Standard']
0,711,Gourgeist Small Size,Ghost,Grass,494,55,85,122,58,75,99,6,['Standard']
1,711,Gourgeist Large Size,Ghost,Grass,494,75,95,122,58,75,69,6,['Standard']
2,711,Gourgeist Super Size,Ghost,Grass,494,85,100,122,58,75,54,6,['Standard']
329,712,Bergmite,Ice,,304,55,69,85,32,35,28,6,['Standard']
327,713,Avalugg,Ice,,514,95,117,184,44,46,28,6,['Standard']
328,713,Hisuian Avalugg,Ice,Rock,514,95,127,184,34,36,38,6,['Regional Form']
326,714,Noibat,Flying,Dragon,245,40,30,35,45,40,55,6,['Standard']
325,715,Noivern,Flying,Dragon,535,85,70,80,97,80,123,6,['Standard']
324,716,Xerneas,Fairy,,680,126,131,95,131,98,99,6,['Legendary']
323,717,Yveltal,Dark,Flying,680,126,131,95,131,98,99,6,['Legendary']
321,718,Zygarde 10% Forme,Dragon,Ground,486,54,100,71,61,85,115,6,['Legendary']
320,718,Zygarde 50% Forme,Dragon,Ground,600,108,100,121,81,95,95,6,['Legendary']
322,718,Zygarde Complete Forme,Dragon,Ground,708,216,100,121,91,95,85,6,['Legendary']
318,719,Diancie,Rock,Fairy,600,50,100,150,100,150,50,6,['Mythical']
319,719,Mega Diancie,Rock,Fairy,700,50,160,110,160,110,110,6,"['Mythical', 'Mega']"
316,720,Hoopa Confined,Psychic,Ghost,600,80,110,60,150,130,70,6,['Mythical']
317,720,Hoopa Unbound,Psychic,Dark,680,80,160,60,170,130,80,6,['Mythical']
315,721,Volcanion,Fire,Water,600,80,110,120,130,90,70,6,['Mythical']
314,722,Rowlet,Grass,Flying,320,68,55,55,50,50,42,7,['Standard']
313,723,Dartrix,Grass,Flying,420,78,75,75,70,70,52,7,['Standard']
311,724,Decidueye,Grass,Ghost,530,78,107,75,100,100,70,7,['Standard']
312,724,Hisuian Decidueye,Grass,Fighting,530,88,112,80,95,95,60,7,['Regional Form']
310,725,Litten,Fire,,320,45,65,40,60,40,70,7,['Standard']
309,726,Torracat,Fire,,420,65,85,50,80,50,90,7,['Standard']
308,727,Incineroar,Fire,Dark,530,95,115,90,80,90,60,7,['Standard']
307,728,Popplio,Water,,320,50,54,54,66,56,40,7,['Standard']
2,729,Brionne,Water,,420,60,69,69,91,81,50,7,['Standard']
306,730,Primarina,Water,Fairy,530,80,74,74,126,116,60,7,['Standard']
305,731,Pikipek,Normal,Flying,265,35,75,30,30,30,65,7,['Standard']
304,732,Trumbeak,Normal,Flying,355,55,85,50,40,50,75,7,['Standard']
303,733,Toucannon,Normal,Flying,485,80,120,75,75,75,60,7,['Standard']
302,734,Yungoos,Normal,,253,48,70,30,30,30,45,7,['Standard']
301,735,Gumshoos,Normal,,418,88,110,60,55,60,45,7,['Standard']
300,736,Grubbin,Bug,,300,47,62,45,55,45,46,7,['Standard']
299,737,Charjabug,Bug,Electric,400,57,82,95,55,75,36,7,['Standard']
298,738,Vikavolt,Bug,Electric,500,77,70,90,145,75,43,7,['Standard']
297,739,Crabrawler,Fighting,,338,47,82,57,42,47,63,7,['Standard']
296,740,Crabominable,Fighting,Ice,478,97,132,77,62,67,43,7,['Standard']
292,741,Oricorio Baile Style,Fire,Flying,476,75,70,70,98,70,93,7,['Standard']
293,741,Oricorio Pom-Pom Style,Electric,Flying,476,75,70,70,98,70,93,7,['Standard']
294,741,Oricorio Pa'u Style,Psychic,Flying,476,75,70,70,98,70,93,7,['Standard']
295,741,Oricorio Sensu Style,Ghost,Flying,476,75,70,70,98,70,93,7,['Standard']
291,742,Cutiefly,Bug,Fairy,304,40,45,40,55,40,84,7,['Standard']
290,743,Ribombee,Bug,Fairy,464,60,55,60,95,70,124,7,['Standard']
289,744,Rockruff,Rock,,280,45,65,40,30,40,60,7,['Standard']
286,745,Lycanroc Midday Form,Rock,,487,75,115,65,55,65,112,7,['Standard']
287,745,Lycanroc Midnight Form,Rock,,487,85,115,75,55,75,82,7,['Standard']
288,745,Lycanroc Dusk Form,Rock,,487,75,117,65,55,65,110,7,['Standard']
284,746,Wishiwashi Solo Form,Water,,175,45,20,20,25,25,40,7,['Standard']
285,746,Wishiwashi School Form,Water,,620,45,140,130,140,135,30,7,['Standard']
283,747,Mareanie,Poison,Water,305,50,53,62,43,52,45,7,['Standard']
282,748,Toxapex,Poison,Water,495,50,63,152,53,142,35,7,['Standard']
281,749,Mudbray,Ground,,385,70,100,70,45,55,45,7,['Standard']
280,750,Mudsdale,Ground,,500,100,125,100,55,85,35,7,['Standard']
279,751,Dewpider,Water,Bug,269,38,40,52,40,72,27,7,['Standard']
278,752,Araquanid,Water,Bug,454,68,70,92,50,132,42,7,['Standard']
277,753,Fomantis,Grass,,250,40,55,35,50,35,35,7,['Standard']
276,754,Lurantis,Grass,,480,70,105,90,80,90,45,7,['Standard']
275,755,Morelull,Grass,Fairy,285,40,35,55,65,75,15,7,['Standard']
274,756,Shiinotic,Grass,Fairy,405,60,45,80,90,100,30,7,['Standard']
273,757,Salandit,Poison,Fire,320,48,44,40,71,40,77,7,['Standard']
272,758,Salazzle,Poison,Fire,480,68,64,60,111,60,117,7,['Standard']
271,759,Stufful,Normal,Fighting,340,70,75,50,45,50,50,7,['Standard']
270,760,Bewear,Normal,Fighting,500,120,125,80,55,60,60,7,['Standard']
269,761,Bounsweet,Grass,,210,42,30,38,30,38,32,7,['Standard']
268,762,Steenee,Grass,,290,52,40,48,40,48,62,7,['Standard']
267,763,Tsareena,Grass,,510,72,120,98,50,98,72,7,['Standard']
266,764,Comfey,Fairy,,485,51,52,90,82,110,100,7,['Standard']
265,765,Oranguru,Normal,Psychic,490,90,60,80,90,110,60,7,['Standard']
264,766,Passimian,Fighting,,490,100,120,90,40,60,80,7,['Standard']
263,767,Wimpod,Bug,Water,230,25,35,40,20,30,80,7,['Standard']
262,768,Golisopod,Bug,Water,530,75,125,140,60,90,40,7,['Standard']
261,769,Sandygast,Ghost,Ground,320,55,55,80,70,45,15,7,['Standard']
260,770,Palossand,Ghost,Ground,480,85,75,110,100,75,35,7,['Standard']
259,771,Pyukumuku,Water,,410,55,60,130,30,130,5,7,['Standard']
258,772,Type: Null,Normal,,534,95,95,95,95,95,59,7,['Legendary']
257,773,Silvally,Normal,,570,95,95,95,95,95,95,7,['Legendary']
255,774,Minior Meteor Form,Rock,Flying,440,60,60,100,60,100,60,7,['Standard']
256,774,Core,Rock,Flying,500,60,100,60,100,60,120,7,['Standard']
254,775,Komala,Normal,,480,65,115,65,75,95,65,7,['Standard']
253,776,Turtonator,Fire,Dragon,485,60,78,135,91,85,36,7,['Standard']
252,777,Togedemaru,Electric,Steel,435,65,98,63,40,73,96,7,['Standard']
251,778,Mimikyu,Ghost,Fairy,476,55,90,80,50,105,96,7,['Standard']
250,779,Bruxish,Water,Psychic,475,68,105,70,70,70,92,7,['Standard']
249,780,Drampa,Normal,Dragon,485,78,60,85,135,91,36,7,['Standard']
248,781,Dhelmise,Ghost,Grass,517,70,131,100,86,90,40,7,['Standard']
247,782,Jangmo-o,Dragon,,300,45,55,65,45,45,45,7,['Standard']
246,783,Hakamo-o,Dragon,Fighting,420,55,75,90,65,70,65,7,['Standard']
245,784,Kommo-o,Dragon,Fighting,600,75,110,125,100,105,85,7,['Pseudo-legendary']
244,785,Tapu Koko,Electric,Fairy,570,70,115,85,95,75,130,7,['Legendary']
243,786,Tapu Lele,Psychic,Fairy,570,70,85,75,130,115,95,7,['Legendary']
242,787,Tapu Bulu,Grass,Fairy,570,70,130,115,85,95,75,7,['Legendary']
241,788,Tapu Fini,Water,Fairy,570,70,75,115,95,130,85,7,['Legendary']
240,789,Cosmog,Psychic,,200,43,29,31,29,31,37,7,['Legendary']
239,790,Cosmoem,Psychic,,400,43,29,131,29,131,37,7,['Legendary']
238,791,Solgaleo,Psychic,Steel,680,137,137,107,113,89,97,7,['Legendary']
237,792,Lunala,Psychic,Ghost,680,137,113,89,137,107,97,7,['Legendary']
236,793,Nihilego,Rock,Poison,570,109,53,47,127,131,103,7,['Ultra Beast']
235,794,Buzzwole,Bug,Fighting,570,107,139,139,53,53,79,7,['Ultra Beast']
234,795,Pheromosa,Bug,Fighting,570,71,137,37,137,37,151,7,['Ultra Beast']
233,796,Xurkitree,Electric,,570,83,89,71,173,71,83,7,['Ultra Beast']
232,797,Celesteela,Steel,Flying,570,97,101,103,107,101,61,7,['Ultra Beast']
231,798,Kartana,Grass,Steel,570,59,181,131,59,31,109,7,['Ultra Beast']
230,799,Guzzlord,Dark,Dragon,570,223,101,53,97,53,43,7,['Ultra Beast']
226,800,Necrozma,Psychic,,600,97,107,101,127,89,79,7,['Legendary']
227,800,Dusk Mane Necrozma,Psychic,Steel,680,97,157,127,113,109,77,7,['Legendary']
228,800,Dawn Wings Necrozma,Psychic,Ghost,680,97,113,109,157,127,77,7,['Legendary']
229,800,Ultra Necrozma,Psychic,Dragon,754,97,167,97,167,97,129,7,['Legendary']
225,801,Magearna,Steel,Fairy,600,80,95,115,130,115,65,7,['Mythical']
224,802,Marshadow,Fighting,Ghost,600,90,125,80,90,90,125,7,['Mythical']
223,803,Poipole,Poison,,420,67,73,67,73,67,73,7,['Ultra Beast']
222,804,Naganadel,Poison,Dragon,540,73,73,73,127,73,121,7,['Ultra Beast']
221,805,Stakataka,Rock,Steel,570,61,131,211,53,101,13,7,['Ultra Beast']
220,806,Blacephalon,Fire,Ghost,570,53,127,53,151,79,107,7,['Ultra Beast']
219,807,Zeraora,Electric,,600,88,112,75,102,80,143,7,['Mythical']
218,808,Meltan,Steel,,300,46,65,65,55,35,34,7,['Mythical']
217,809,Melmetal,Steel,,600,135,143,143,80,65,34,7,['Mythical']
216,810,Grookey,Grass,,310,50,65,50,40,40,65,8,['Standard']
215,811,Thwackey,Grass,,420,70,85,70,55,60,80,8,['Standard']
214,812,Rillaboom,Grass,,530,100,125,90,60,70,85,8,['Standard']
213,813,Scorbunny,Fire,,310,50,71,40,40,40,69,8,['Standard']
212,814,Raboot,Fire,,420,65,86,60,55,60,94,8,['Standard']
211,815,Cinderace,Fire,,530,80,116,75,65,75,119,8,['Standard']
210,816,Sobble,Water,,310,50,40,40,70,40,70,8,['Standard']
209,817,Drizzile,Water,,420,65,60,55,95,55,90,8,['Standard']
208,818,Inteleon,Water,,530,70,85,65,125,65,120,8,['Standard']
207,819,Skwovet,Normal,,275,70,55,55,35,35,25,8,['Standard']
206,820,Greedent,Normal,,460,120,95,95,55,75,20,8,['Standard']
205,821,Rookidee,Flying,,245,38,47,35,33,35,57,8,['Standard']
204,822,Corvisquire,Flying,,365,68,67,55,43,55,77,8,['Standard']
203,823,Corviknight,Flying,Steel,495,98,87,105,53,85,67,8,['Standard']
202,824,Blipbug,Bug,,180,25,20,20,25,45,45,8,['Standard']
201,825,Dottler,Bug,Psychic,335,50,35,80,50,90,30,8,['Standard']
200,826,Orbeetle,Bug,Psychic,505,60,45,110,80,120,90,8,['Standard']
199,827,Nickit,Dark,,245,40,28,28,47,52,50,8,['Standard']
198,828,Thievul,Dark,,455,70,58,58,87,92,90,8,['Standard']
197,829,Gossifleur,Grass,,250,40,40,60,40,60,10,8,['Standard']
196,830,Eldegoss,Grass,,460,60,50,90,80,120,60,8,['Standard']
195,831,Wooloo,Normal,,270,42,40,55,40,45,48,8,['Standard']
194,832,Dubwool,Normal,,490,72,80,100,60,90,88,8,['Standard']
193,833,Chewtle,Water,,284,50,64,50,38,38,44,8,['Standard']
192,834,Drednaw,Water,Rock,485,90,115,90,48,68,74,8,['Standard']
191,835,Yamper,Electric,,270,59,45,50,40,50,26,8,['Standard']
190,836,Boltund,Electric,,490,69,90,60,90,60,121,8,['Standard']
189,837,Rolycoly,Rock,,240,30,40,50,40,50,30,8,['Standard']
188,838,Carkol,Rock,Fire,410,80,60,90,60,70,50,8,['Standard']
187,839,Coalossal,Rock,Fire,510,110,80,120,80,90,30,8,['Standard']
186,840,Applin,Grass,Dragon,260,40,40,80,40,40,20,8,['Standard']
185,841,Flapple,Grass,Dragon,485,70,110,80,95,60,70,8,['Standard']
184,842,Appletun,Grass,Dragon,485,110,85,80,100,80,30,8,['Standard']
183,843,Silicobra,Ground,,315,52,57,75,35,50,46,8,['Standard']
182,844,Sandaconda,Ground,,510,72,107,125,65,70,71,8,['Standard']
181,845,Cramorant,Flying,Water,475,70,85,55,85,95,85,8,['Standard']
180,846,Arrokuda,Water,,280,41,63,40,40,30,66,8,['Standard']
179,847,Barraskewda,Water,,490,61,123,60,60,50,136,8,['Standard']
178,848,Toxel,Electric,Poison,242,40,38,35,54,35,40,8,['Standard']
177,849,Toxtricity,Electric,Poison,502,75,98,70,114,70,75,8,['Standard']
176,850,Sizzlipede,Fire,Bug,305,50,65,45,50,50,45,8,['Standard']
175,851,Centiskorch,Fire,Bug,525,100,115,65,90,90,65,8,['Standard']
174,852,Clobbopus,Fighting,,310,50,68,60,50,50,32,8,['Standard']
173,853,Grapploct,Fighting,,480,80,118,90,70,80,42,8,['Standard']
172,854,Sinistea,Ghost,,308,40,45,45,74,54,50,8,['Standard']
171,855,Polteageist,Ghost,,508,60,65,65,134,114,70,8,['Standard']
170,856,Hatenna,Psychic,,265,42,30,45,56,53,39,8,['Standard']
169,857,Hattrem,Psychic,,370,57,40,65,86,73,49,8,['Standard']
168,858,Hatterene,Psychic,Fairy,510,57,90,95,136,103,29,8,['Standard']
167,859,Impidimp,Dark,Fairy,265,45,45,30,55,40,50,8,['Standard']
166,860,Morgrem,Dark,Fairy,370,65,60,45,75,55,70,8,['Standard']
165,861,Grimmsnarl,Dark,Fairy,510,95,120,65,95,75,60,8,['Standard']
164,862,Obstagoon,Dark,Normal,520,93,90,101,60,81,95,8,['Standard']
163,863,Perrserker,Steel,,440,70,110,100,50,60,50,8,['Standard']
162,864,Cursola,Ghost,,510,60,95,50,145,130,30,8,['Standard']
161,865,Sirfetch'd,Fighting,,507,62,135,95,68,82,65,8,['Standard']
160,866,Mr. Rime,Ice,Psychic,520,80,85,75,110,100,70,8,['Standard']
159,867,Runerigus,Ground,Ghost,483,58,95,145,50,105,30,8,['Standard']
158,868,Milcery,Fairy,,270,45,40,40,50,61,34,8,['Standard']
157,869,Alcremie,Fairy,,495,65,60,75,110,121,64,8,['Standard']
156,870,Falinks,Fighting,,470,65,100,100,70,60,75,8,['Standard']
155,871,Pincurchin,Electric,,435,48,101,95,91,85,15,8,['Standard']
154,872,Snom,Ice,Bug,185,30,25,35,45,30,20,8,['Standard']
153,873,Frosmoth,Ice,Bug,475,70,65,60,125,90,65,8,['Standard']
152,874,Stonjourner,Rock,,470,100,125,135,20,20,70,8,['Standard']
150,875,Ice Face,Ice,,470,75,80,110,65,90,50,8,['Standard']
151,875,Noice Face,Ice,,470,75,80,70,65,50,130,8,['Standard']
148,876,Indeedee Male,Psychic,Normal,475,60,65,55,105,95,95,8,['Standard']
149,876,Indeedee Female,Psychic,Normal,475,70,55,65,95,105,85,8,['Standard']
147,877,Morpeko,Electric,Dark,436,58,95,58,70,58,97,8,['Standard']
146,878,Cufant,Steel,,330,72,80,49,40,49,40,8,['Standard']
145,879,Copperajah,Steel,,500,122,130,69,80,69,30,8,['Standard']
144,880,Dracozolt,Electric,Dragon,505,90,100,90,80,70,75,8,['Standard']
143,881,Arctozolt,Electric,Ice,505,90,100,90,90,80,55,8,['Standard']
142,882,Dracovish,Water,Dragon,505,90,90,100,70,80,75,8,['Standard']
141,883,Arctovish,Water,Ice,505,90,90,100,80,90,55,8,['Standard']
140,884,Duraludon,Steel,Dragon,535,70,95,115,120,50,85,8,['Standard']
139,885,Dreepy,Dragon,Ghost,270,28,60,30,40,30,82,8,['Standard']
138,886,Drakloak,Dragon,Ghost,410,68,80,50,60,50,102,8,['Standard']
137,887,Dragapult,Dragon,Ghost,600,88,120,75,100,75,142,8,['Pseudo-legendary']
135,888,Zacian Hero of Many Battles,Fairy,,660,92,120,115,80,115,138,8,['Legendary']
136,888,Zacian Crowned Sword,Fairy,Steel,700,92,150,115,80,115,148,8,['Legendary']
133,889,Zamazenta Hero of Many Battles,Fighting,,660,92,120,115,80,115,138,8,['Legendary']
134,889,Zamazenta Crowned Shield,Fighting,Steel,700,92,120,140,80,140,128,8,['Legendary']
131,890,Eternatus,Poison,Dragon,690,140,85,95,145,95,130,8,['Legendary']
132,890,Eternamax Eternatus,Poison,Dragon,1125,255,115,250,125,250,130,8,['Legendary']
130,891,Kubfu,Fighting,,385,60,90,60,53,50,72,8,['Legendary']
128,892,Urshifu Single Strike Style,Fighting,Dark,550,100,130,100,63,60,97,8,['Legendary']
129,892,Urshifu Rapid Strike Style,Fighting,Water,550,100,130,100,63,60,97,8,['Legendary']
127,893,Zarude,Dark,Grass,600,105,120,105,70,95,105,8,['Mythical']
126,894,Regieleki,Electric,,580,80,100,50,100,50,200,8,['Legendary']
125,895,Regidrago,Dragon,,580,200,100,50,100,50,80,8,['Legendary']
124,896,Glastrier,Ice,,580,100,145,130,65,110,30,8,['Legendary']
123,897,Spectrier,Ghost,,580,100,65,60,145,80,130,8,['Legendary']
120,898,Calyrex,Psychic,Grass,500,100,80,80,80,80,80,8,['Legendary']
121,898,Ice Rider Calyrex,Psychic,Ice,680,100,165,150,85,130,50,8,['Legendary']
122,898,Shadow Rider Calyrex,Psychic,Ghost,680,100,85,80,165,100,150,8,['Legendary']
119,899,Wyrdeer,Normal,Psychic,525,103,105,72,105,75,65,8,['Standard']
118,900,Kleavor,Bug,Rock,500,70,135,95,45,70,85,8,['Standard']
117,901,Ursaluna,Ground,Normal,550,130,140,105,45,80,50,8,['Standard']
115,902,Basculegion Male,Water,Ghost,530,120,112,65,80,75,78,8,['Standard']
116,902,Basculegion Female,Water,Ghost,530,120,92,65,100,75,78,8,['Standard']
114,903,Sneasler,Fighting,Poison,510,80,130,60,40,80,120,8,['Standard']
113,904,Overqwil,Dark,Poison,510,85,115,95,65,65,85,8,['Standard']
111,905,Enamorus Incarnate Forme,Fairy,Flying,580,74,115,70,135,80,106,8,['Legendary']
112,905,Enamorus Therian Forme,Fairy,Flying,580,74,115,110,135,100,46,8,['Legendary']
110,906,Sprigatito,Grass,,310,40,61,54,45,45,65,9,['Standard']
109,907,Floragato,Grass,,410,61,80,63,60,63,83,9,['Standard']
108,908,Meowscarada,Grass,Dark,530,76,110,70,81,70,123,9,['Standard']
107,909,Fuecoco,Fire,,310,67,45,59,63,40,36,9,['Standard']
106,910,Crocalor,Fire,,411,81,55,78,90,58,49,9,['Standard']
105,911,Skeledirge,Fire,Ghost,530,104,75,100,110,75,66,9,['Standard']
104,912,Quaxly,Water,,310,55,65,45,50,45,50,9,['Standard']
103,913,Quaxwell,Water,,410,70,85,65,65,60,65,9,['Standard']
102,914,Quaquaval,Water,Fighting,530,85,120,80,85,75,85,9,['Standard']
101,915,Lechonk,Normal,,254,54,45,40,35,45,35,9,['Standard']
99,916,Oinkologne Male,Normal,,489,110,100,75,59,80,65,9,['Standard']
100,916,Oinkologne Female,Normal,,489,115,90,70,59,90,65,9,['Standard']
98,917,Tarountula,Bug,,210,35,41,45,29,40,20,9,['Standard']
97,918,Spidops,Bug,,404,60,79,92,52,86,35,9,['Standard']
96,919,Nymble,Bug,,210,33,46,40,21,25,45,9,['Standard']
95,920,Lokix,Bug,Dark,450,71,102,78,52,55,92,9,['Standard']
94,921,Pawmi,Electric,,240,45,50,20,40,25,60,9,['Standard']
93,922,Pawmo,Electric,Fighting,350,60,75,40,50,40,85,9,['Standard']
92,923,Pawmot,Electric,Fighting,490,70,115,70,70,60,105,9,['Standard']
91,924,Tandemaus,Normal,,305,50,50,45,40,45,75,9,['Standard']
90,925,Maushold,Normal,,470,74,75,70,65,75,111,9,['Standard']
89,926,Fidough,Fairy,,312,37,55,70,30,55,65,9,['Standard']
88,927,Dachsbun,Fairy,,477,57,80,115,50,80,95,9,['Standard']
87,928,Smoliv,Grass,Normal,260,41,35,45,58,51,30,9,['Standard']
86,929,Dolliv,Grass,Normal,354,52,53,60,78,78,33,9,['Standard']
85,930,Arboliva,Grass,Normal,510,78,69,90,125,109,39,9,['Standard']
84,931,Squawkabilly,Normal,Flying,417,82,96,51,45,51,92,9,['Standard']
83,932,Nacli,Rock,,280,55,55,75,35,35,25,9,['Standard']
82,933,Naclstack,Rock,,355,60,60,100,35,65,35,9,['Standard']
81,934,Garganacl,Rock,,500,100,100,130,45,90,35,9,['Standard']
80,935,Charcadet,Fire,,255,40,50,40,50,40,35,9,['Standard']
79,936,Armarouge,Fire,Psychic,525,85,60,100,125,80,75,9,['Standard']
78,937,Ceruledge,Fire,Ghost,525,75,125,80,60,100,85,9,['Standard']
77,938,Tadbulb,Electric,,272,61,31,41,59,35,45,9,['Standard']
76,939,Bellibolt,Electric,,495,109,64,91,103,83,45,9,['Standard']
75,940,Wattrel,Electric,Flying,280,40,40,35,55,40,70,9,['Standard']
74,941,Kilowattrel,Electric,Flying,490,70,70,60,105,60,125,9,['Standard']
73,942,Maschiff,Dark,,340,60,78,60,40,51,51,9,['Standard']
72,943,Mabosstiff,Dark,,505,80,120,90,60,70,85,9,['Standard']
71,944,Shroodle,Poison,Normal,290,40,65,35,40,35,75,9,['Standard']
70,945,Grafaiai,Poison,Normal,485,63,95,65,80,72,110,9,['Standard']
69,946,Bramblin,Grass,Ghost,275,40,65,30,45,35,60,9,['Standard']
68,947,Brambleghast,Grass,Ghost,480,55,115,70,80,70,90,9,['Standard']
67,948,Toedscool,Ground,Grass,335,40,40,35,50,100,70,9,['Standard']
66,949,Toedscruel,Ground,Grass,515,80,70,65,80,120,100,9,['Standard']
65,950,Klawf,Rock,,450,70,100,115,35,55,75,9,['Standard']
64,951,Capsakid,Grass,,304,50,62,40,62,40,50,9,['Standard']
63,952,Scovillain,Grass,Fire,486,65,108,65,108,65,75,9,['Standard']
62,953,Rellor,Bug,,270,41,50,60,31,58,30,9,['Standard']
61,954,Rabsca,Bug,Psychic,470,75,50,85,115,100,45,9,['Standard']
60,955,Flittle,Psychic,,255,30,35,30,55,30,75,9,['Standard']
59,956,Espathra,Psychic,,481,95,60,60,101,60,105,9,['Standard']
58,957,Tinkatink,Fairy,Steel,297,50,45,45,35,64,58,9,['Standard']
57,958,Tinkatuff,Fairy,Steel,380,65,55,55,45,82,78,9,['Standard']
56,959,Tinkaton,Fairy,Steel,506,85,75,77,70,105,94,9,['Standard']
55,960,Wiglett,Water,,245,10,55,25,35,25,95,9,['Standard']
54,961,Wugtrio,Water,,425,35,100,50,50,70,120,9,['Standard']
53,962,Bombirdier,Flying,Dark,485,70,103,85,60,85,82,9,['Standard']
52,963,Finizen,Water,,315,70,45,40,45,40,75,9,['Standard']
50,964,Palafin Zero Form,Water,,457,100,70,72,53,62,100,9,['Standard']
51,964,Palafin Hero Form,Water,,650,100,160,97,106,87,100,9,['Standard']
49,965,Varoom,Steel,Poison,300,45,70,63,30,45,47,9,['Standard']
48,966,Revavroom,Steel,Poison,500,80,119,90,54,67,90,9,['Standard']
47,967,Cyclizar,Dragon,Normal,501,70,95,65,85,65,121,9,['Standard']
46,968,Orthworm,Steel,,480,70,85,145,60,55,65,9,['Standard']
45,969,Glimmet,Rock,Poison,350,48,35,42,105,60,60,9,['Standard']
44,970,Glimmora,Rock,Poison,525,83,55,90,130,81,86,9,['Standard']
43,971,Greavard,Ghost,,290,50,61,60,30,55,34,9,['Standard']
42,972,Houndstone,Ghost,,488,72,101,100,50,97,68,9,['Standard']
41,973,Flamigo,Flying,Fighting,500,82,115,74,75,64,90,9,['Standard']
40,974,Cetoddle,Ice,,334,108,68,45,30,40,43,9,['Standard']
39,975,Cetitan,Ice,,521,170,113,65,45,55,73,9,['Standard']
38,976,Veluza,Water,Psychic,478,90,102,73,78,65,70,9,['Standard']
37,977,Dondozo,Water,,530,150,100,115,65,65,35,9,['Standard']
36,978,Tatsugiri,Dragon,Water,475,68,50,60,120,95,82,9,['Standard']
35,979,Annihilape,Fighting,Ghost,535,110,115,80,50,90,90,9,['Standard']
34,980,Clodsire,Poison,Ground,430,130,75,60,45,100,20,9,['Standard']
33,981,Farigiraf,Normal,Psychic,520,120,90,70,110,70,60,9,['Standard']
32,982,Dudunsparce,Normal,,520,125,100,80,85,75,55,9,['Standard']
31,983,Kingambit,Dark,Steel,550,100,135,120,60,85,50,9,['Standard']
30,984,Great Tusk,Ground,Fighting,570,115,131,131,53,53,87,9,['Paradox']
29,985,Scream Tail,Fairy,Psychic,570,115,65,99,65,115,111,9,['Paradox']
28,986,Brute Bonnet,Grass,Dark,570,111,127,99,79,99,55,9,['Paradox']
27,987,Flutter Mane,Ghost,Fairy,570,55,55,55,135,135,135,9,['Paradox']
26,988,Slither Wing,Bug,Fighting,570,85,135,79,85,105,81,9,['Paradox']
25,989,Sandy Shocks,Electric,Ground,570,85,81,97,121,85,101,9,['Paradox']
24,990,Iron Treads,Ground,Steel,570,90,112,120,72,70,106,9,['Paradox']
23,991,Iron Bundle,Ice,Water,570,56,80,114,124,60,136,9,['Paradox']
22,992,Iron Hands,Fighting,Electric,570,154,140,108,50,68,50,9,['Paradox']
21,993,Iron Jugulis,Dark,Flying,570,94,80,86,122,80,108,9,['Paradox']
20,994,Iron Moth,Fire,Poison,570,80,70,60,140,110,110,9,['Paradox']
19,995,Iron Thorns,Rock,Electric,570,100,134,110,70,84,72,9,['Paradox']
18,996,Frigibax,Dragon,Ice,320,65,75,45,35,45,55,9,['Standard']
17,997,Arctibax,Dragon,Ice,423,90,95,66,45,65,62,9,['Standard']
16,998,Baxcalibur,Dragon,Ice,600,115,145,92,75,86,87,9,['Pseudo-legendary']
14,999,Gimmighoul Chest Form,Ghost,,300,45,30,70,75,70,10,9,['Standard']
15,999,Gimmighoul Roaming Form,Ghost,,300,45,30,25,75,45,80,9,['Standard']
13,1000,Gholdengo,Steel,Ghost,550,87,60,95,133,91,84,9,['Standard']
12,1001,Wo-Chien,Dark,Grass,570,85,85,100,95,135,70,9,['Legendary']
11,1002,Chien-Pao,Dark,Ice,570,80,120,80,90,65,135,9,['Legendary']
10,1003,Ting-Lu,Dark,Ground,570,155,110,125,55,80,45,9,['Legendary']
9,1004,Chi-Yu,Dark,Fire,570,55,80,80,135,120,100,9,['Legendary']
8,1005,Roaring Moon,Dragon,Dark,590,105,139,71,55,101,119,9,['Paradox']
7,1006,Iron Valiant,Fairy,Fighting,590,74,130,90,120,60,116,9,['Paradox']
6,1007,Koraidon Apex Build,Fighting,Dragon,670,100,135,115,85,100,135,9,"['Legendary', 'Paradox']"
5,1008,Miraidon Ultimate Mode,Electric,Dragon,670,100,85,100,135,115,135,9,"['Legendary', 'Paradox']"
4,1009,Walking Wake,Water,Dragon,590,99,83,91,125,83,109,9,['Paradox']
3,1010,Iron Leaves,Grass,Psychic,590,90,130,88,70,108,104,9,['Paradox']
